data,COMPUTSA,CUUR0000SEHA,DRSFRMACBS,FIXHAI,HOUST1FNSA,HOUSTMW1FNSA,HOUSTMWNSA,HOUSTNE1FNSA,HOUSTNENSA,HOUSTNSA,HOUSTS1FNSA,HOUSTSNSA,HOUSTW1FNSA,HOUSTWNSA,MDSP,MORTGAGE15US,MORTGAGE30US,MSACSR,NHFSEPCS,NHFSEPNTS,NHSDPCS,NHSDPNSS,RCMFLOORIG,USSTHPI
2000-01-01,1574.0,181.1,1.95,,78.6,12.4,15.0,6.1,9.1,104.0,39.8,54.4,20.3,25.4,,,,4.3,82.0,41.0,207.0,297.0,,229.85
2000-01-07,,,,,,,,,,,,,,,,7.73,8.15,,,,,,,
2000-01-14,,,,,,,,,,,,,,,,7.78,8.18,,,,,,,
2000-01-21,,,,,,,,,,,,,,,,7.86,8.26,,,,,,,
2000-01-28,,,,,,,,,,,,,,,,7.84,8.25,,,,,,,
2000-02-01,1677.0,181.5,,,87.8,16.4,22.4,6.1,9.9,119.7,43.6,56.8,21.9,30.6,,,,4.3,79.0,40.0,223.0,282.0,,
2000-02-04,,,,,,,,,,,,,,,,7.85,8.25,,,,,,,
2000-02-11,,,,,,,,,,,,,,,,7.96,8.36,,,,,,,
2000-02-18,,,,,,,,,,,,,,,,8.0,8.38,,,,,,,
2000-02-25,,,,,,,,,,,,,,,,7.92,8.31,,,,,,,
2000-03-01,1704.0,182.0,,,111.8,21.3,24.0,9.6,12.0,133.4,54.4,66.9,26.5,30.5,,,,4.3,86.0,42.0,210.0,329.0,,
2000-03-03,,,,,,,,,,,,,,,,7.84,8.27,,,,,,,
2000-03-10,,,,,,,,,,,,,,,,7.81,8.23,,,,,,,
2000-03-17,,,,,,,,,,,,,,,,7.83,8.24,,,,,,,
2000-03-24,,,,,,,,,,,,,,,,7.84,8.23,,,,,,,
2000-03-31,,,,,,,,,,,,,,,,7.84,8.23,,,,,,,
2000-04-01,1610.0,182.3,1.98,,118.8,30.2,35.0,9.5,12.1,149.5,50.6,64.8,28.5,37.6,,,,4.4,80.0,40.0,228.0,281.0,,233.61
2000-04-07,,,,,,,,,,,,,,,,7.83,8.2,,,,,,,
2000-04-14,,,,,,,,,,,,,,,,7.76,8.12,,,,,,,
2000-04-21,,,,,,,,,,,,,,,,7.82,8.16,,,,,,,
2000-04-28,,,,,,,,,,,,,,,,7.79,8.13,,,,,,,
2000-05-01,1682.0,182.7,,,122.6,28.0,34.2,12.6,14.5,152.9,55.3,69.6,26.8,34.6,,,,4.4,84.0,37.0,217.0,324.0,,
2000-05-05,,,,,,,,,,,,,,,,7.94,8.28,,,,,,,
2000-05-12,,,,,,,,,,,,,,,,8.17,8.52,,,,,,,
2000-05-19,,,,,,,,,,,,,,,,8.31,8.64,,,,,,,
2000-05-26,,,,,,,,,,,,,,,,8.31,8.62,,,,,,,
2000-06-01,1530.0,183.2,,,115.6,26.6,30.3,11.7,14.0,146.3,51.5,67.2,25.9,34.8,,,,4.8,84.0,37.0,220.0,286.0,,
2000-06-02,,,,,,,,,,,,,,,,8.24,8.54,,,,,,,
2000-06-09,,,,,,,,,,,,,,,,8.04,8.32,,,,,,,
2000-06-16,,,,,,,,,,,,,,,,7.91,8.22,,,,,,,
2000-06-23,,,,,,,,,,,,,,,,7.85,8.14,,,,,,,
2000-06-30,,,,,,,,,,,,,,,,7.92,8.22,,,,,,,
2000-07-01,1495.0,183.9,2.09,,105.4,23.7,30.0,10.2,14.2,135.0,45.3,57.0,26.2,33.9,,,,4.1,83.0,37.0,238.0,338.0,,237.86
2000-07-07,,,,,,,,,,,,,,,,7.88,8.16,,,,,,,
2000-07-14,,,,,,,,,,,,,,,,7.8,8.09,,,,,,,
2000-07-21,,,,,,,,,,,,,,,,7.93,8.21,,,,,,,
2000-07-28,,,,,,,,,,,,,,,,7.85,8.13,,,,,,,
2000-08-01,1573.0,184.6,,,113.6,25.2,29.1,10.8,13.8,141.4,50.2,62.6,27.4,36.0,,,,4.4,85.0,38.0,202.0,314.0,,
2000-08-04,,,,,,,,,,,,,,,,7.88,8.12,,,,,,,
2000-08-11,,,,,,,,,,,,,,,,7.75,8.04,,,,,,,
2000-08-18,,,,,,,,,,,,,,,,7.7,7.96,,,,,,,
2000-08-25,,,,,,,,,,,,,,,,7.72,7.99,,,,,,,
2000-09-01,1528.0,185.3,,,101.5,21.9,27.5,11.8,13.9,128.9,43.4,54.7,24.4,32.8,,7.67,7.96,4.0,85.0,39.0,246.0,319.0,,
2000-09-08,,,,,,,,,,,,,,,,7.65,7.94,,,,,,,
2000-09-15,,,,,,,,,,,,,,,,7.6,7.88,,,,,,,
2000-09-22,,,,,,,,,,,,,,,,7.57,7.9,,,,,,,
2000-09-29,,,,,,,,,,,,,,,,7.53,7.88,,,,,,,
2000-10-01,1513.0,186.1,2.23,,108.2,24.6,31.1,11.1,16.3,139.7,49.3,63.8,23.2,28.4,,,,4.0,86.0,40.0,234.0,377.0,,241.5
2000-10-06,,,,,,,,,,,,,,,,7.5,7.83,,,,,,,
2000-10-13,,,,,,,,,,,,,,,,7.52,7.84,,,,,,,
2000-10-20,,,,,,,,,,,,,,,,7.5,7.83,,,,,,,
2000-10-27,,,,,,,,,,,,,,,,7.36,7.68,,,,,,,
2000-11-01,1539.0,186.8,,,88.8,18.6,25.1,10.1,12.5,117.1,37.0,48.8,23.1,30.7,,,,4.2,90.0,42.0,227.0,350.0,,
2000-11-03,,,,,,,,,,,,,,,,7.41,7.73,,,,,,,
2000-11-10,,,,,,,,,,,,,,,,7.44,7.79,,,,,,,
2000-11-17,,,,,,,,,,,,,,,,7.41,7.73,,,,,,,
2000-11-24,,,,,,,,,,,,,,,,7.41,7.73,,,,,,,
2000-12-01,1521.0,187.6,,,78.2,11.6,13.8,8.9,12.1,100.7,35.4,46.9,22.3,27.8,,7.35,7.65,3.6,87.0,41.0,275.0,358.0,,
2000-12-08,,,,,,,,,,,,,,,,7.19,7.54,,,,,,,
2000-12-15,,,,,,,,,,,,,,,,7.11,7.42,,,,,,,
2000-12-22,,,,,,,,,,,,,,,,6.84,7.17,,,,,,,
2000-12-29,,,,,,,,,,,,,,,,6.79,7.13,,,,,,,
2001-01-01,1456.0,188.2,2.34,,83.9,13.9,16.8,5.4,6.6,106.4,43.8,54.1,20.8,28.9,,,,3.8,82.0,41.0,269.0,335.0,,247.49
2001-01-05,,,,,,,,,,,,,,,,6.74,7.07,,,,,,,
2001-01-12,,,,,,,,,,,,,,,,6.49,6.89,,,,,,,
2001-01-19,,,,,,,,,,,,,,,,6.63,7.02,,,,,,,
2001-01-26,,,,,,,,,,,,,,,,6.7,7.15,,,,,,,
2001-02-01,1536.0,188.9,,,85.6,13.3,18.1,5.8,8.0,108.2,45.0,56.0,21.6,26.0,,,,3.7,80.0,41.0,224.0,386.0,,
2001-02-02,,,,,,,,,,,,,,,,6.66,7.09,,,,,,,
2001-02-09,,,,,,,,,,,,,,,,6.6,6.98,,,,,,,
2001-02-16,,,,,,,,,,,,,,,,6.61,7.01,,,,,,,
2001-02-23,,,,,,,,,,,,,,,,6.69,7.12,,,,,,,
2001-03-01,1470.0,189.6,,,104.3,21.2,26.4,7.3,11.9,133.2,48.7,61.1,27.2,33.8,,,,3.8,78.0,44.0,249.0,352.0,,
2001-03-02,,,,,,,,,,,,,,,,6.58,7.03,,,,,,,
2001-03-09,,,,,,,,,,,,,,,,6.52,6.97,,,,,,,
2001-03-16,,,,,,,,,,,,,,,,6.54,6.96,,,,,,,
2001-03-23,,,,,,,,,,,,,,,,6.44,6.89,,,,,,,
2001-03-30,,,,,,,,,,,,,,,,6.46,6.91,,,,,,,
2001-04-01,1574.0,190.2,2.41,,122.2,25.1,28.6,10.6,15.7,151.3,56.3,68.3,30.2,38.7,,,,3.9,77.0,39.0,230.0,349.0,,251.63
2001-04-06,,,,,,,,,,,,,,,,6.54,7.01,,,,,,,
2001-04-13,,,,,,,,,,,,,,,,6.55,7.04,,,,,,,
2001-04-20,,,,,,,,,,,,,,,,6.66,7.14,,,,,,,
2001-04-27,,,,,,,,,,,,,,,,6.63,7.12,,,,,,,
2001-05-01,1497.0,191.0,,,125.8,29.6,35.6,9.7,12.2,154.0,54.5,66.4,32.1,39.8,,,,4.0,76.0,42.0,224.0,321.0,,
2001-05-04,,,,,,,,,,,,,,,,6.66,7.14,,,,,,,
2001-05-11,,,,,,,,,,,,,,,,6.61,7.1,,,,,,,
2001-05-18,,,,,,,,,,,,,,,,6.67,7.14,,,,,,,
2001-05-25,,,,,,,,,,,,,,,,6.76,7.2,,,,,,,
2001-06-01,1654.0,191.6,,,125.8,29.4,35.4,10.9,13.4,155.2,59.0,70.6,26.5,35.8,,6.78,7.24,4.2,75.0,45.0,211.0,335.0,,
2001-06-08,,,,,,,,,,,,,,,,6.74,7.2,,,,,,,
2001-06-15,,,,,,,,,,,,,,,,6.7,7.14,,,,,,,
2001-06-22,,,,,,,,,,,,,,,,6.65,7.11,,,,,,,
2001-06-29,,,,,,,,,,,,,,,,6.63,7.11,,,,,,,
2001-07-01,1582.0,192.3,2.19,,120.5,23.4,30.1,11.2,15.9,154.6,56.2,71.0,29.8,37.6,,,,4.2,76.0,43.0,230.0,308.0,,255.53
2001-07-06,,,,,,,,,,,,,,,,6.74,7.19,,,,,,,
2001-07-13,,,,,,,,,,,,,,,,6.76,7.21,,,,,,,
2001-07-20,,,,,,,,,,,,,,,,6.65,7.08,,,,,,,
2001-07-27,,,,,,,,,,,,,,,,6.58,7.03,,,,,,,
2001-08-01,1615.0,193.1,,,115.4,27.7,32.8,12.3,15.3,141.5,49.1,59.3,26.2,34.0,,,,4.4,77.0,44.0,227.0,302.0,,
2001-08-03,,,,,,,,,,,,,,,,6.54,7.0,,,,,,,
2001-08-10,,,,,,,,,,,,,,,,6.54,7.0,,,,,,,
2001-08-17,,,,,,,,,,,,,,,,6.48,6.92,,,,,,,
2001-08-24,,,,,,,,,,,,,,,,6.47,6.91,,,,,,,
2001-08-31,,,,,,,,,,,,,,,,6.47,6.92,,,,,,,
2001-09-01,1551.0,193.9,,,105.2,22.4,25.2,10.6,12.5,133.1,48.1,61.0,24.2,34.4,,,,4.4,79.0,40.0,223.0,310.0,,
2001-09-07,,,,,,,,,,,,,,,,6.44,6.89,,,,,,,
2001-09-14,,,,,,,,,,,,,,,,6.39,6.86,,,,,,,
2001-09-21,,,,,,,,,,,,,,,,6.3,6.8,,,,,,,
2001-09-28,,,,,,,,,,,,,,,,6.23,6.72,,,,,,,
2001-10-01,1599.0,194.7,2.26,,110.3,24.8,31.9,10.3,13.5,139.8,52.3,65.5,23.1,28.8,,,,4.3,78.0,41.0,243.0,289.0,,258.69
2001-10-05,,,,,,,,,,,,,,,,6.11,6.64,,,,,,,
2001-10-12,,,,,,,,,,,,,,,,6.06,6.58,,,,,,,
2001-10-19,,,,,,,,,,,,,,,,6.09,6.61,,,,,,,
2001-10-26,,,,,,,,,,,,,,,,6.13,6.64,,,,,,,
2001-11-01,1555.0,195.5,,,90.6,22.5,28.6,8.8,14.1,121.0,37.9,50.8,21.4,27.5,,,,4.1,77.0,40.0,268.0,308.0,,
2001-11-02,,,,,,,,,,,,,,,,6.04,6.56,,,,,,,
2001-11-09,,,,,,,,,,,,,,,,5.94,6.45,,,,,,,
2001-11-16,,,,,,,,,,,,,,,,5.98,6.51,,,,,,,
2001-11-23,,,,,,,,,,,,,,,,6.24,6.75,,,,,,,
2001-11-30,,,,,,,,,,,,,,,,6.53,7.02,,,,,,,
2001-12-01,1693.0,196.4,,,83.6,16.1,21.0,7.9,10.1,104.6,39.5,47.6,20.1,25.8,,,,3.8,76.0,42.0,246.0,346.0,,
2001-12-07,,,,,,,,,,,,,,,,6.3,6.84,,,,,,,
2001-12-14,,,,,,,,,,,,,,,,6.57,7.09,,,,,,,
2001-12-21,,,,,,,,,,,,,,,,6.65,7.17,,,,,,,
2001-12-28,,,,,,,,,,,,,,,,6.65,7.16,,,,,,,
2002-01-01,1632.0,197.0,2.24,,84.7,13.4,18.1,6.4,8.9,110.4,44.2,57.0,20.6,26.4,,,,4.2,77.0,43.0,239.0,304.0,,262.39
2002-01-04,,,,,,,,,,,,,,,,6.62,7.14,,,,,,,
2002-01-11,,,,,,,,,,,,,,,,6.55,7.06,,,,,,,
2002-01-18,,,,,,,,,,,,,,,,6.31,6.83,,,,,,,
2002-01-25,,,,,,,,,,,,,,,,6.44,6.96,,,,,,,
2002-02-01,1671.0,197.7,,,99.1,17.1,20.6,6.6,7.8,120.4,51.2,61.7,24.2,30.2,,6.51,7.02,4.0,79.0,42.0,240.0,329.0,,
2002-02-08,,,,,,,,,,,,,,,,6.36,6.88,,,,,,,
2002-02-15,,,,,,,,,,,,,,,,6.35,6.86,,,,,,,
2002-02-22,,,,,,,,,,,,,,,,6.28,6.81,,,,,,,
2002-03-01,1559.0,198.2,,,109.5,19.9,25.6,10.1,13.1,138.2,50.7,65.0,28.8,34.5,,6.28,6.8,4.1,80.0,40.0,239.0,333.0,,
2002-03-08,,,,,,,,,,,,,,,,6.37,6.87,,,,,,,
2002-03-15,,,,,,,,,,,,,,,,6.59,7.08,,,,,,,
2002-03-22,,,,,,,,,,,,,,,,6.65,7.14,,,,,,,
2002-03-29,,,,,,,,,,,,,,,,6.69,7.18,,,,,,,
2002-04-01,1625.0,198.5,2.16,,122.2,24.6,27.4,9.1,11.3,148.8,58.9,74.4,29.6,35.7,,,,4.3,83.0,47.0,228.0,360.0,,266.88
2002-04-05,,,,,,,,,,,,,,,,6.64,7.13,,,,,,,
2002-04-12,,,,,,,,,,,,,,,,6.49,6.99,,,,,,,
2002-04-19,,,,,,,,,,,,,,,,6.42,6.94,,,,,,,
2002-04-26,,,,,,,,,,,,,,,,6.35,6.88,,,,,,,
2002-05-01,1705.0,198.8,,,133.7,27.6,36.0,12.3,15.5,165.5,61.8,74.8,32.1,39.1,,,,4.0,83.0,44.0,260.0,358.0,,
2002-05-03,,,,,,,,,,,,,,,,6.26,6.78,,,,,,,
2002-05-10,,,,,,,,,,,,,,,,6.27,6.79,,,,,,,
2002-05-17,,,,,,,,,,,,,,,,6.37,6.89,,,,,,,
2002-05-24,,,,,,,,,,,,,,,,6.28,6.81,,,,,,,
2002-05-31,,,,,,,,,,,,,,,,6.22,6.76,,,,,,,
2002-06-01,1589.0,199.3,,,130.1,31.0,35.4,13.6,17.5,160.3,54.9,70.3,30.5,37.1,,,,4.2,85.0,41.0,229.0,335.0,,
2002-06-07,,,,,,,,,,,,,,,,6.18,6.71,,,,,,,
2002-06-14,,,,,,,,,,,,,,,,6.17,6.71,,,,,,,
2002-06-21,,,,,,,,,,,,,,,,6.08,6.63,,,,,,,
2002-06-28,,,,,,,,,,,,,,,,5.99,6.55,,,,,,,
2002-07-01,1615.0,199.8,2.1,,125.2,28.5,35.5,9.2,14.9,155.9,55.6,68.2,31.9,37.2,,,,4.2,83.0,46.0,265.0,328.0,,272.17
2002-07-05,,,,,,,,,,,,,,,,6.03,6.57,,,,,,,
2002-07-12,,,,,,,,,,,,,,,,6.0,6.54,,,,,,,
2002-07-19,,,,,,,,,,,,,,,,5.93,6.49,,,,,,,
2002-07-26,,,,,,,,,,,,,,,,5.76,6.34,,,,,,,
2002-08-01,1722.0,200.2,,,111.4,21.4,31.0,12.0,16.5,147.0,52.0,67.3,26.0,32.1,,,,4.0,83.0,48.0,270.0,384.0,,
2002-08-02,,,,,,,,,,,,,,,,5.84,6.43,,,,,,,
2002-08-09,,,,,,,,,,,,,,,,5.69,6.31,,,,,,,
2002-08-16,,,,,,,,,,,,,,,,5.63,6.22,,,,,,,
2002-08-23,,,,,,,,,,,,,,,,5.71,6.27,,,,,,,
2002-08-30,,,,,,,,,,,,,,,,5.64,6.22,,,,,,,
2002-09-01,1641.0,200.7,,,124.0,25.9,34.5,10.8,15.9,155.6,55.6,67.5,31.7,37.8,,,,3.9,86.0,47.0,268.0,404.0,,
2002-09-06,,,,,,,,,,,,,,,,5.56,6.15,,,,,,,
2002-09-13,,,,,,,,,,,,,,,,5.59,6.18,,,,,,,
2002-09-20,,,,,,,,,,,,,,,,5.47,6.05,,,,,,,
2002-09-27,,,,,,,,,,,,,,,,5.41,5.99,,,,,,,
2002-10-01,1601.0,201.3,2.0,,118.8,23.9,30.7,10.5,13.4,146.8,52.4,60.7,32.0,42.0,,,,4.0,82.0,51.0,278.0,389.0,,276.03
2002-10-04,,,,,,,,,,,,,,,,5.4,6.01,,,,,,,
2002-10-11,,,,,,,,,,,,,,,,5.34,5.98,,,,,,,
2002-10-18,,,,,,,,,,,,,,,,5.56,6.15,,,,,,,
2002-10-25,,,,,,,,,,,,,,,,5.7,6.31,,,,,,,
2002-11-01,1718.0,202.0,,,102.6,23.8,30.5,9.0,12.0,133.0,46.8,59.5,23.1,31.1,,5.51,6.13,4.0,85.0,52.0,280.0,381.0,,
2002-11-08,,,,,,,,,,,,,,,,5.48,6.11,,,,,,,
2002-11-15,,,,,,,,,,,,,,,,5.32,5.94,,,,,,,
2002-11-22,,,,,,,,,,,,,,,,5.44,6.03,,,,,,,
2002-11-29,,,,,,,,,,,,,,,,5.57,6.13,,,,,,,
2002-12-01,1671.0,202.5,,,97.2,19.7,24.4,8.1,11.6,123.1,44.1,54.9,25.3,32.2,,,,4.0,84.0,51.0,288.0,401.0,,
2002-12-06,,,,,,,,,,,,,,,,5.6,6.19,,,,,,,
2002-12-13,,,,,,,,,,,,,,,,5.46,6.04,,,,,,,
2002-12-20,,,,,,,,,,,,,,,,5.42,6.03,,,,,,,
2002-12-27,,,,,,,,,,,,,,,,5.32,5.93,,,,,,,
2003-01-01,1654.0,203.3,1.97,,95.9,16.2,17.7,5.8,7.8,117.8,45.7,57.6,28.3,34.7,,,,4.0,83.0,52.0,267.0,365.0,,279.39
2003-01-03,,,,,,,,,,,,,,,,5.24,5.85,,,,,,,
2003-01-10,,,,,,,,,,,,,,,,5.33,5.95,,,,,,,
2003-01-17,,,,,,,,,,,,,,,,5.36,5.97,,,,,,,
2003-01-24,,,,,,,,,,,,,,,,5.31,5.91,,,,,,,
2003-01-31,,,,,,,,,,,,,,,,5.28,5.9,,,,,,,
2003-02-01,1688.0,203.7,,,88.1,12.9,15.0,5.0,7.9,109.7,45.0,55.4,25.1,31.4,,,,4.5,84.0,55.0,241.0,324.0,,
2003-02-07,,,,,,,,,,,,,,,,5.27,5.88,,,,,,,
2003-02-14,,,,,,,,,,,,,,,,5.26,5.86,,,,,,,
2003-02-21,,,,,,,,,,,,,,,,5.21,5.84,,,,,,,
2003-02-28,,,,,,,,,,,,,,,,5.14,5.79,,,,,,,
2003-03-01,1638.0,204.1,,,120.1,21.4,26.8,8.7,12.0,147.2,61.4,71.8,28.6,36.6,,,,4.1,82.0,51.0,260.0,348.0,,
2003-03-07,,,,,,,,,,,,,,,,5.01,5.67,,,,,,,
2003-03-14,,,,,,,,,,,,,,,,4.93,5.61,,,,,,,
2003-03-21,,,,,,,,,,,,,,,,5.11,5.79,,,,,,,
2003-03-28,,,,,,,,,,,,,,,,5.21,5.91,,,,,,,
2003-04-01,1662.0,204.5,1.83,,128.2,27.6,30.7,11.4,13.2,151.2,55.4,66.9,33.7,40.4,,,,4.1,82.0,53.0,261.0,369.0,,282.81
2003-04-04,,,,,,,,,,,,,,,,5.06,5.79,,,,,,,
2003-04-11,,,,,,,,,,,,,,,,5.17,5.85,,,,,,,
2003-04-18,,,,,,,,,,,,,,,,5.12,5.82,,,,,,,
2003-04-25,,,,,,,,,,,,,,,,5.12,5.79,,,,,,,
2003-05-01,1733.0,204.9,,,133.7,30.4,36.0,11.3,14.4,165.0,57.5,72.6,34.4,42.0,,,,3.9,81.0,55.0,258.0,413.0,,
2003-05-02,,,,,,,,,,,,,,,,5.03,5.7,,,,,,,
2003-05-09,,,,,,,,,,,,,,,,4.97,5.62,,,,,,,
2003-05-16,,,,,,,,,,,,,,,,4.84,5.45,,,,,,,
2003-05-23,,,,,,,,,,,,,,,,4.73,5.34,,,,,,,
2003-05-30,,,,,,,,,,,,,,,,4.73,5.31,,,,,,,
2003-06-01,1641.0,205.1,,,144.4,30.6,36.1,10.8,15.8,174.5,63.1,75.2,39.9,47.5,,,,3.5,79.0,52.0,292.0,484.0,,
2003-06-06,,,,,,,,,,,,,,,,4.66,5.26,,,,,,,
2003-06-13,,,,,,,,,,,,,,,,4.6,5.21,,,,,,,
2003-06-20,,,,,,,,,,,,,,,,4.62,5.21,,,,,,,
2003-06-27,,,,,,,,,,,,,,,,4.63,5.24,,,,,,,
2003-07-01,1680.0,205.6,1.73,,142.8,31.2,37.8,11.6,17.6,175.8,64.8,77.6,35.1,42.8,,,,3.6,79.0,51.0,275.0,464.0,,287.17
2003-07-04,,,,,,,,,,,,,,,,4.75,5.4,,,,,,,
2003-07-11,,,,,,,,,,,,,,,,4.85,5.52,,,,,,,
2003-07-18,,,,,,,,,,,,,,,,5.0,5.67,,,,,,,
2003-07-25,,,,,,,,,,,,,,,,5.27,5.94,,,,,,,
2003-08-01,1570.0,206.1,,,132.2,29.7,36.8,11.1,15.0,163.8,62.3,75.0,29.1,37.1,,5.44,6.14,3.5,78.0,54.0,288.0,484.0,,
2003-08-08,,,,,,,,,,,,,,,,5.66,6.34,,,,,,,
2003-08-15,,,,,,,,,,,,,,,,5.58,6.24,,,,,,,
2003-08-22,,,,,,,,,,,,,,,,5.6,6.28,,,,,,,
2003-08-29,,,,,,,,,,,,,,,,5.66,6.32,,,,,,,
2003-09-01,1719.0,206.6,,,137.0,33.3,40.7,10.3,16.9,171.3,60.1,74.0,33.3,39.7,,,,3.8,77.0,55.0,275.0,455.0,,
2003-09-05,,,,,,,,,,,,,,,,5.77,6.44,,,,,,,
2003-09-12,,,,,,,,,,,,,,,,5.46,6.16,,,,,,,
2003-09-19,,,,,,,,,,,,,,,,5.3,6.01,,,,,,,
2003-09-26,,,,,,,,,,,,,,,,5.3,5.98,,,,,,,
2003-10-01,1728.0,206.9,1.76,,141.6,30.7,36.3,10.0,14.0,173.5,63.5,78.7,37.3,44.6,,,,3.8,78.0,61.0,269.0,461.0,,295.28
2003-10-03,,,,,,,,,,,,,,,,5.1,5.77,,,,,,,
2003-10-10,,,,,,,,,,,,,,,,5.26,5.95,,,,,,,
2003-10-17,,,,,,,,,,,,,,,,5.36,6.05,,,,,,,
2003-10-24,,,,,,,,,,,,,,,,5.39,6.05,,,,,,,
2003-10-31,,,,,,,,,,,,,,,,5.26,5.94,,,,,,,
2003-11-01,1692.0,207.5,,,121.0,24.9,33.8,10.0,15.6,153.7,52.5,65.1,33.6,39.2,,,,4.1,81.0,53.0,254.0,419.0,,
2003-11-07,,,,,,,,,,,,,,,,5.31,5.98,,,,,,,
2003-11-14,,,,,,,,,,,,,,,,5.39,6.03,,,,,,,
2003-11-21,,,,,,,,,,,,,,,,5.17,5.83,,,,,,,
2003-11-28,,,,,,,,,,,,,,,,5.22,5.89,,,,,,,
2003-12-01,1716.0,207.9,,,114.1,20.1,26.4,9.8,12.5,144.2,54.9,68.9,29.2,36.5,,,,4.0,86.0,52.0,230.0,445.0,,
2003-12-05,,,,,,,,,,,,,,,,5.36,6.02,,,,,,,
2003-12-12,,,,,,,,,,,,,,,,5.24,5.88,,,,,,,
2003-12-19,,,,,,,,,,,,,,,,5.14,5.82,,,,,,,
2003-12-26,,,,,,,,,,,,,,,,5.13,5.81,,,,,,,
2003-12-31,,,,,,,,,,,,,,,,5.15,5.85,,,,,,,
2004-01-01,1709.0,208.3,1.65,,99.5,13.1,16.0,5.5,8.1,124.5,51.4,65.4,29.5,35.1,,,,3.8,89.0,54.0,261.0,479.0,,299.93
2004-01-08,,,,,,,,,,,,,,,,5.17,5.87,,,,,,,
2004-01-15,,,,,,,,,,,,,,,,4.97,5.66,,,,,,,
2004-01-22,,,,,,,,,,,,,,,,4.95,5.64,,,,,,,
2004-01-29,,,,,,,,,,,,,,,,4.97,5.68,,,,,,,
2004-02-01,1718.0,208.8,,,102.1,15.9,18.1,5.8,9.7,126.4,52.5,65.2,27.9,33.5,,,,3.7,84.0,56.0,297.0,451.0,,
2004-02-05,,,,,,,,,,,,,,,,5.03,5.72,,,,,,,
2004-02-12,,,,,,,,,,,,,,,,4.96,5.66,,,,,,,
2004-02-19,,,,,,,,,,,,,,,,4.87,5.58,,,,,,,
2004-02-26,,,,,,,,,,,,,,,,4.89,5.58,,,,,,,
2004-03-01,1794.0,209.2,,,143.5,25.6,30.1,10.4,13.3,173.8,69.4,83.9,38.2,46.5,,,,3.6,82.0,61.0,313.0,523.0,,
2004-03-04,,,,,,,,,,,,,,,,4.88,5.59,,,,,,,
2004-03-11,,,,,,,,,,,,,,,,4.69,5.41,,,,,,,
2004-03-18,,,,,,,,,,,,,,,,4.69,5.38,,,,,,,
2004-03-25,,,,,,,,,,,,,,,,4.7,5.4,,,,,,,
2004-04-01,1938.0,209.7,1.6,,149.9,30.8,35.6,12.6,16.0,179.5,71.4,86.8,35.1,41.1,,4.84,5.52,4.0,88.0,57.0,239.0,509.0,,307.26
2004-04-08,,,,,,,,,,,,,,,,5.12,5.79,,,,,,,
2004-04-15,,,,,,,,,,,,,,,,5.23,5.89,,,,,,,
2004-04-22,,,,,,,,,,,,,,,,5.25,5.94,,,,,,,
2004-04-29,,,,,,,,,,,,,,,,5.35,6.01,,,,,,,
2004-05-01,1893.0,210.2,,,159.1,31.8,35.7,12.7,17.1,187.6,66.7,80.0,47.9,54.7,,,,3.8,87.0,55.0,297.0,472.0,,
2004-05-06,,,,,,,,,,,,,,,,5.47,6.12,,,,,,,
2004-05-13,,,,,,,,,,,,,,,,5.72,6.34,,,,,,,
2004-05-20,,,,,,,,,,,,,,,,5.67,6.3,,,,,,,
2004-05-27,,,,,,,,,,,,,,,,5.69,6.32,,,,,,,
2004-06-01,1857.0,210.7,,,146.7,28.4,32.9,13.7,16.5,172.3,68.6,80.2,36.0,42.8,,,,3.9,85.0,62.0,304.0,488.0,,
2004-06-03,,,,,,,,,,,,,,,,5.63,6.28,,,,,,,
2004-06-10,,,,,,,,,,,,,,,,5.67,6.3,,,,,,,
2004-06-17,,,,,,,,,,,,,,,,5.7,6.32,,,,,,,
2004-06-24,,,,,,,,,,,,,,,,5.64,6.25,,,,,,,
2004-07-01,1881.0,211.2,1.56,,152.5,29.9,33.1,11.4,17.1,182.0,67.0,79.4,44.2,52.4,,5.62,6.21,4.5,93.0,68.0,235.0,461.0,,318.96
2004-07-08,,,,,,,,,,,,,,,,5.42,6.01,,,,,,,
2004-07-15,,,,,,,,,,,,,,,,5.4,6.0,,,,,,,
2004-07-22,,,,,,,,,,,,,,,,5.39,5.98,,,,,,,
2004-07-29,,,,,,,,,,,,,,,,5.49,6.08,,,,,,,
2004-08-01,1911.0,211.9,,,155.4,31.3,35.6,13.6,19.6,185.9,68.6,81.2,41.9,49.5,,,,4.3,93.0,62.0,309.0,412.0,,
2004-08-05,,,,,,,,,,,,,,,,5.4,5.99,,,,,,,
2004-08-12,,,,,,,,,,,,,,,,5.24,5.85,,,,,,,
2004-08-19,,,,,,,,,,,,,,,,5.19,5.81,,,,,,,
2004-08-26,,,,,,,,,,,,,,,,5.21,5.82,,,,,,,
2004-09-01,1796.0,212.4,,,132.0,28.5,32.6,10.5,14.3,164.0,59.3,74.8,33.7,42.3,,,,4.1,91.0,68.0,303.0,451.0,,
2004-09-02,,,,,,,,,,,,,,,,5.15,5.77,,,,,,,
2004-09-09,,,,,,,,,,,,,,,,5.22,5.83,,,,,,,
2004-09-16,,,,,,,,,,,,,,,,5.13,5.75,,,,,,,
2004-09-23,,,,,,,,,,,,,,,,5.1,5.7,,,,,,,
2004-09-30,,,,,,,,,,,,,,,,5.12,5.72,,,,,,,
2004-10-01,1839.0,212.8,1.41,,143.4,29.1,35.7,11.4,16.1,181.3,64.8,82.8,38.1,46.7,,,,3.9,95.0,65.0,256.0,527.0,,325.81
2004-10-07,,,,,,,,,,,,,,,,5.24,5.82,,,,,,,
2004-10-14,,,,,,,,,,,,,,,,5.14,5.74,,,,,,,
2004-10-21,,,,,,,,,,,,,,,,5.07,5.69,,,,,,,
2004-10-28,,,,,,,,,,,,,,,,5.01,5.64,,,,,,,
2004-11-01,1758.0,213.2,,,111.0,21.1,25.8,9.8,13.2,138.1,50.4,63.2,29.6,35.8,,,,4.3,95.0,70.0,269.0,496.0,,
2004-11-04,,,,,,,,,,,,,,,,5.08,5.7,,,,,,,
2004-11-11,,,,,,,,,,,,,,,,5.16,5.76,,,,,,,
2004-11-18,,,,,,,,,,,,,,,,5.15,5.74,,,,,,,
2004-11-24,,,,,,,,,,,,,,,,5.15,5.72,,,,,,,
2004-12-01,1921.0,213.9,,,115.4,20.9,24.4,10.3,14.4,140.2,53.2,65.6,31.0,35.8,,,,4.1,97.0,68.0,279.0,507.0,,
2004-12-02,,,,,,,,,,,,,,,,5.23,5.81,,,,,,,
2004-12-09,,,,,,,,,,,,,,,,5.14,5.71,,,,,,,
2004-12-16,,,,,,,,,,,,,,,,5.11,5.68,,,,,,,
2004-12-22,,,,,,,,,,,,,,,,5.18,5.75,,,,,,,
2004-12-29,,,,,,,,,,,,,,,,5.23,5.81,,,,,,,
2005-01-01,1892.0,214.5,1.42,,114.3,12.1,15.9,6.5,8.7,142.9,65.9,80.2,29.8,37.9,7.49597,,,4.4,102.0,70.0,266.0,515.0,,333.29
2005-01-06,,,,,,,,,,,,,,,,5.21,5.77,,,,,,,
2005-01-13,,,,,,,,,,,,,,,,5.19,5.74,,,,,,,
2005-01-20,,,,,,,,,,,,,,,,5.15,5.67,,,,,,,
2005-01-27,,,,,,,,,,,,,,,,5.14,5.66,,,,,,,
2005-02-01,1908.0,215.0,,,121.1,18.4,23.8,7.7,11.1,149.1,63.4,74.7,31.6,39.5,,,,4.3,103.0,70.0,309.0,531.0,,
2005-02-03,,,,,,,,,,,,,,,,5.14,5.63,,,,,,,
2005-02-10,,,,,,,,,,,,,,,,5.1,5.57,,,,,,,
2005-02-17,,,,,,,,,,,,,,,,5.14,5.62,,,,,,,
2005-02-24,,,,,,,,,,,,,,,,5.22,5.69,,,,,,,
2005-03-01,1787.0,215.5,,,133.4,23.5,24.8,10.5,16.5,156.2,63.1,72.7,36.3,42.2,,,,4.1,104.0,75.0,317.0,502.0,,
2005-03-03,,,,,,,,,,,,,,,,5.33,5.79,,,,,,,
2005-03-10,,,,,,,,,,,,,,,,5.38,5.85,,,,,,,
2005-03-17,,,,,,,,,,,,,,,,5.47,5.95,,,,,,,
2005-03-24,,,,,,,,,,,,,,,,5.56,6.01,,,,,,,
2005-03-31,,,,,,,,,,,,,,,,5.58,6.04,,,,,,,
2005-04-01,1927.0,216.0,1.55,,151.5,25.1,29.6,11.4,16.9,184.6,80.7,95.5,34.3,42.7,7.58928,,,4.3,104.0,77.0,330.0,466.0,,343.98
2005-04-07,,,,,,,,,,,,,,,,5.48,5.93,,,,,,,
2005-04-14,,,,,,,,,,,,,,,,5.46,5.91,,,,,,,
2005-04-21,,,,,,,,,,,,,,,,5.36,5.8,,,,,,,
2005-04-28,,,,,,,,,,,,,,,,5.33,5.78,,,,,,,
2005-05-01,2103.0,216.4,,,170.4,35.4,40.2,13.5,17.6,197.9,74.1,85.6,47.5,54.5,,,,4.2,107.0,77.0,343.0,487.0,,
2005-05-05,,,,,,,,,,,,,,,,5.31,5.75,,,,,,,
2005-05-12,,,,,,,,,,,,,,,,5.33,5.77,,,,,,,
2005-05-19,,,,,,,,,,,,,,,,5.27,5.71,,,,,,,
2005-05-26,,,,,,,,,,,,,,,,5.21,5.65,,,,,,,
2005-06-01,1965.0,216.8,,,162.8,31.4,35.0,15.5,19.5,192.8,76.2,93.1,39.6,45.3,,,,4.3,107.0,78.0,345.0,466.0,,
2005-06-02,,,,,,,,,,,,,,,,5.2,5.62,,,,,,,
2005-06-09,,,,,,,,,,,,,,,,5.14,5.56,,,,,,,
2005-06-16,,,,,,,,,,,,,,,,5.22,5.63,,,,,,,
2005-06-23,,,,,,,,,,,,,,,,5.16,5.57,,,,,,,
2005-06-30,,,,,,,,,,,,,,,,5.12,5.53,,,,,,,
2005-07-01,1886.0,217.5,1.59,,158.0,30.1,34.5,13.0,18.3,187.6,74.0,88.3,41.0,46.5,7.881696,,,4.2,108.0,84.0,317.0,573.0,,354.39
2005-07-07,,,,,,,,,,,,,,,,5.2,5.62,,,,,,,
2005-07-14,,,,,,,,,,,,,,,,5.25,5.66,,,,,,,
2005-07-21,,,,,,,,,,,,,,,,5.32,5.73,,,,,,,
2005-07-28,,,,,,,,,,,,,,,,5.34,5.77,,,,,,,
2005-08-01,1952.0,218.0,,,158.6,30.1,36.7,13.4,19.8,192.0,71.2,83.7,43.9,51.8,,,,4.5,108.0,86.0,294.0,544.0,,
2005-08-04,,,,,,,,,,,,,,,,5.38,5.82,,,,,,,
2005-08-11,,,,,,,,,,,,,,,,5.47,5.89,,,,,,,
2005-08-18,,,,,,,,,,,,,,,,5.4,5.8,,,,,,,
2005-08-25,,,,,,,,,,,,,,,,5.35,5.77,,,,,,,
2005-09-01,1922.0,218.6,,,154.0,30.6,35.8,13.1,17.7,187.9,70.5,84.7,39.7,49.7,,5.32,5.71,4.7,108.0,89.0,298.0,491.0,,
2005-09-08,,,,,,,,,,,,,,,,5.3,5.71,,,,,,,
2005-09-15,,,,,,,,,,,,,,,,5.32,5.74,,,,,,,
2005-09-22,,,,,,,,,,,,,,,,5.37,5.8,,,,,,,
2005-09-29,,,,,,,,,,,,,,,,5.48,5.91,,,,,,,
2005-10-01,1962.0,219.3,1.64,,150.7,27.1,30.3,13.1,15.4,180.4,73.0,89.8,37.6,44.9,7.721674,,,4.5,110.0,88.0,314.0,518.0,,362.43
2005-10-06,,,,,,,,,,,,,,,,5.54,5.98,,,,,,,
2005-10-13,,,,,,,,,,,,,,,,5.62,6.03,,,,,,,
2005-10-20,,,,,,,,,,,,,,,,5.65,6.1,,,,,,,
2005-10-27,,,,,,,,,,,,,,,,5.69,6.15,,,,,,,
2005-11-01,1907.0,220.0,,,133.1,26.8,32.2,10.6,15.9,160.7,61.2,72.1,34.5,40.5,,,,5.0,110.0,88.0,292.0,485.0,,
2005-11-03,,,,,,,,,,,,,,,,5.85,6.31,,,,,,,
2005-11-10,,,,,,,,,,,,,,,,5.89,6.36,,,,,,,
2005-11-17,,,,,,,,,,,,,,,,5.9,6.37,,,,,,,
2005-11-23,,,,,,,,,,,,,,,,5.81,6.28,,,,,,,
2005-12-01,1941.0,220.5,,,107.9,15.1,18.5,9.4,12.3,136.0,58.0,75.7,25.5,29.5,,5.81,6.26,4.9,110.0,95.0,328.0,455.0,,
2005-12-08,,,,,,,,,,,,,,,,5.87,6.32,,,,,,,
2005-12-15,,,,,,,,,,,,,,,,5.85,6.3,,,,,,,
2005-12-22,,,,,,,,,,,,,,,,5.79,6.26,,,,,,,
2005-12-29,,,,,,,,,,,,,,,,5.76,6.22,,,,,,,
2006-01-01,2036.0,220.9,1.61,,121.0,15.4,18.0,8.6,13.3,153.0,68.0,84.7,29.0,37.0,7.898613,,,5.3,113.0,92.0,298.0,415.0,,368.16
2006-01-05,,,,,,,,,,,,,,,,5.76,6.21,,,,,,,
2006-01-12,,,,,,,,,,,,,,,,5.71,6.15,,,,,,,
2006-01-19,,,,,,,,,,,,,,,,5.67,6.1,,,,,,,
2006-01-26,,,,,,,,,,,,,,,,5.7,6.12,,,,,,,
2006-02-01,2048.0,221.6,,,123.6,15.2,17.1,7.4,10.1,145.1,67.2,77.7,33.9,40.2,,,,6.1,121.0,90.0,288.0,369.0,,
2006-02-02,,,,,,,,,,,,,,,,5.81,6.23,,,,,,,
2006-02-09,,,,,,,,,,,,,,,,5.83,6.24,,,,,,,
2006-02-16,,,,,,,,,,,,,,,,5.91,6.28,,,,,,,
2006-02-23,,,,,,,,,,,,,,,,5.89,6.26,,,,,,,
2006-03-01,2245.0,222.3,,,137.7,18.0,22.4,9.9,12.9,165.9,76.5,89.7,33.4,41.0,,,,5.9,128.0,93.0,327.0,394.0,,
2006-03-02,,,,,,,,,,,,,,,,5.89,6.24,,,,,,,
2006-03-09,,,,,,,,,,,,,,,,6.0,6.37,,,,,,,
2006-03-16,,,,,,,,,,,,,,,,5.98,6.34,,,,,,,
2006-03-23,,,,,,,,,,,,,,,,5.97,6.32,,,,,,,
2006-03-30,,,,,,,,,,,,,,,,6.0,6.35,,,,,,,
2006-04-01,2071.0,222.9,1.62,,134.8,25.5,30.0,12.2,16.0,160.5,65.3,77.8,31.8,36.7,8.107804,,,6.3,133.0,100.0,346.0,365.0,,371.96
2006-04-06,,,,,,,,,,,,,,,,6.1,6.43,,,,,,,
2006-04-13,,,,,,,,,,,,,,,,6.14,6.49,,,,,,,
2006-04-20,,,,,,,,,,,,,,,,6.17,6.53,,,,,,,
2006-04-27,,,,,,,,,,,,,,,,6.21,6.58,,,,,,,
2006-05-01,1897.0,223.6,,,158.0,27.3,30.9,13.4,18.8,190.2,76.2,89.6,41.1,50.8,,,,6.2,130.0,97.0,358.0,355.0,,
2006-05-04,,,,,,,,,,,,,,,,6.22,6.59,,,,,,,
2006-05-11,,,,,,,,,,,,,,,,6.17,6.58,,,,,,,
2006-05-18,,,,,,,,,,,,,,,,6.2,6.6,,,,,,,
2006-05-25,,,,,,,,,,,,,,,,6.23,6.62,,,,,,,
2006-06-01,2050.0,224.4,,,139.9,26.7,30.1,9.6,16.1,170.2,69.7,81.9,33.9,42.1,,6.26,6.67,6.3,140.0,99.0,337.0,345.0,,
2006-06-08,,,,,,,,,,,,,,,,6.23,6.62,,,,,,,
2006-06-15,,,,,,,,,,,,,,,,6.25,6.63,,,,,,,
2006-06-22,,,,,,,,,,,,,,,,6.36,6.71,,,,,,,
2006-06-29,,,,,,,,,,,,,,,,6.43,6.78,,,,,,,
2006-07-01,1934.0,225.2,1.74,,133.1,22.8,27.4,9.8,13.7,160.9,69.1,80.2,31.5,39.6,8.338563,,,7.3,148.0,97.0,311.0,329.0,,375.01
2006-07-06,,,,,,,,,,,,,,,,6.44,6.79,,,,,,,
2006-07-13,,,,,,,,,,,,,,,,6.37,6.74,,,,,,,
2006-07-20,,,,,,,,,,,,,,,,6.41,6.8,,,,,,,
2006-07-27,,,,,,,,,,,,,,,,6.34,6.72,,,,,,,
2006-08-01,1877.0,226.2,,,120.0,19.7,24.2,12.0,15.6,146.8,60.3,71.4,28.1,35.5,,,,6.7,156.0,93.0,340.0,349.0,,
2006-08-03,,,,,,,,,,,,,,,,6.27,6.63,,,,,,,
2006-08-10,,,,,,,,,,,,,,,,6.2,6.55,,,,,,,
2006-08-17,,,,,,,,,,,,,,,,6.2,6.52,,,,,,,
2006-08-24,,,,,,,,,,,,,,,,6.18,6.48,,,,,,,
2006-08-31,,,,,,,,,,,,,,,,6.14,6.44,,,,,,,
2006-09-01,2011.0,227.1,,,119.2,20.2,25.1,8.9,12.3,150.1,64.3,80.9,25.9,31.8,,,,6.7,162.0,84.0,352.0,353.0,,
2006-09-07,,,,,,,,,,,,,,,,6.16,6.47,,,,,,,
2006-09-14,,,,,,,,,,,,,,,,6.11,6.43,,,,,,,
2006-09-21,,,,,,,,,,,,,,,,6.06,6.4,,,,,,,
2006-09-28,,,,,,,,,,,,,,,,5.98,6.31,,,,,,,
2006-10-01,1918.0,228.0,1.92,,104.0,18.5,22.0,9.5,13.3,130.6,50.4,61.7,25.7,33.7,8.457133,,,7.3,166.0,87.0,345.0,287.0,,378.86
2006-10-05,,,,,,,,,,,,,,,,5.98,6.3,,,,,,,
2006-10-12,,,,,,,,,,,,,,,,6.06,6.37,,,,,,,
2006-10-19,,,,,,,,,,,,,,,,6.06,6.36,,,,,,,
2006-10-26,,,,,,,,,,,,,,,,6.1,6.4,,,,,,,
2006-11-01,1893.0,228.9,,,91.7,15.3,18.1,9.0,12.2,115.2,46.7,58.8,20.7,26.1,,,,6.6,166.0,81.0,353.0,285.0,,
2006-11-02,,,,,,,,,,,,,,,,6.02,6.31,,,,,,,
2006-11-09,,,,,,,,,,,,,,,,6.04,6.33,,,,,,,
2006-11-16,,,,,,,,,,,,,,,,5.94,6.24,,,,,,,
2006-11-22,,,,,,,,,,,,,,,,5.91,6.18,,,,,,,
2006-11-30,,,,,,,,,,,,,,,,5.87,6.14,,,,,,,
2006-12-01,1888.0,230.0,,,82.3,10.7,14.3,7.8,12.9,112.4,42.8,55.9,21.0,29.3,,,,6.5,166.0,80.0,388.0,274.0,,
2006-12-07,,,,,,,,,,,,,,,,5.84,6.11,,,,,,,
2006-12-14,,,,,,,,,,,,,,,,5.86,6.12,,,,,,,
2006-12-21,,,,,,,,,,,,,,,,5.89,6.13,,,,,,,
2006-12-28,,,,,,,,,,,,,,,,5.93,6.18,,,,,,,
2007-01-01,1822.0,230.806,2.08,,75.4,8.3,9.2,6.2,10.5,95.0,45.1,52.8,15.8,22.4,8.548444,,,7.2,169.0,84.0,343.0,250.0,,380.26
2007-01-04,,,,,,,,,,,,,,,,5.94,6.18,,,,,,,
2007-01-11,,,,,,,,,,,,,,,,5.96,6.21,,,,,,,
2007-01-18,,,,,,,,,,,,,,,,5.98,6.23,,,,,,,
2007-01-25,,,,,,,,,,,,,,,,5.98,6.25,,,,,,,
2007-02-01,1640.0,231.739,,,82.9,7.2,8.5,4.6,7.6,103.1,49.7,59.8,21.4,27.3,,6.06,6.34,7.9,174.0,85.0,306.0,224.0,,
2007-02-08,,,,,,,,,,,,,,,,6.02,6.28,,,,,,,
2007-02-15,,,,,,,,,,,,,,,,6.03,6.3,,,,,,,
2007-02-22,,,,,,,,,,,,,,,,5.97,6.22,,,,,,,
2007-03-01,1623.0,232.495,,,101.3,14.6,17.1,7.1,10.0,123.8,55.1,65.6,24.5,31.0,,5.92,6.18,7.9,179.0,84.0,316.0,226.0,,
2007-03-08,,,,,,,,,,,,,,,,5.86,6.14,,,,,,,
2007-03-15,,,,,,,,,,,,,,,,5.88,6.14,,,,,,,
2007-03-22,,,,,,,,,,,,,,,,5.9,6.16,,,,,,,
2007-03-29,,,,,,,,,,,,,,,,5.86,6.16,,,,,,,
2007-04-01,1539.0,232.98,2.29,,111.4,16.0,18.5,9.5,14.4,135.6,58.3,68.0,27.6,34.7,8.715677,,,7.4,183.0,80.0,353.0,224.0,,380.01
2007-04-05,,,,,,,,,,,,,,,,5.87,6.17,,,,,,,
2007-04-12,,,,,,,,,,,,,,,,5.9,6.22,,,,,,,
2007-04-19,,,,,,,,,,,,,,,,5.89,6.17,,,,,,,
2007-04-26,,,,,,,,,,,,,,,,5.87,6.16,,,,,,,
2007-05-01,1536.0,233.549,,,111.4,21.7,26.2,11.1,16.1,136.5,51.4,61.8,27.3,32.4,,,,7.8,186.0,80.0,343.0,222.0,,
2007-05-03,,,,,,,,,,,,,,,,5.87,6.16,,,,,,,
2007-05-10,,,,,,,,,,,,,,,,5.87,6.15,,,,,,,
2007-05-17,,,,,,,,,,,,,,,,5.92,6.21,,,,,,,
2007-05-24,,,,,,,,,,,,,,,,6.06,6.37,,,,,,,
2007-05-31,,,,,,,,,,,,,,,,6.12,6.42,,,,,,,
2007-06-01,1481.0,234.071,,,110.1,20.7,23.9,11.4,15.5,137.8,52.3,66.4,25.7,31.9,,,,8.2,188.0,78.0,319.0,204.0,,
2007-06-07,,,,,,,,,,,,,,,,6.22,6.53,,,,,,,
2007-06-14,,,,,,,,,,,,,,,,6.43,6.74,,,,,,,
2007-06-21,,,,,,,,,,,,,,,,6.37,6.69,,,,,,,
2007-06-28,,,,,,,,,,,,,,,,6.34,6.67,,,,,,,
2007-07-01,1534.0,234.732,2.72,,100.1,18.1,23.5,8.6,13.8,127.9,47.8,58.3,25.7,32.3,8.852972,,,8.3,188.0,77.0,346.0,183.0,,375.76
2007-07-05,,,,,,,,,,,,,,,,6.3,6.63,,,,,,,
2007-07-12,,,,,,,,,,,,,,,,6.39,6.73,,,,,,,
2007-07-19,,,,,,,,,,,,,,,,6.38,6.73,,,,,,,
2007-07-26,,,,,,,,,,,,,,,,6.37,6.69,,,,,,,
2007-08-01,1512.0,235.311,,,86.6,16.4,22.9,7.4,9.5,121.2,43.8,61.5,19.0,27.3,,,,9.2,193.0,76.0,315.0,165.0,,
2007-08-02,,,,,,,,,,,,,,,,6.32,6.68,,,,,,,
2007-08-09,,,,,,,,,,,,,,,,6.25,6.59,,,,,,,
2007-08-16,,,,,,,,,,,,,,,,6.3,6.62,,,,,,,
2007-08-23,,,,,,,,,,,,,,,,6.18,6.52,,,,,,,
2007-08-30,,,,,,,,,,,,,,,,6.12,6.45,,,,,,,
2007-09-01,1356.0,236.058,,,78.6,13.8,15.6,6.6,12.7,101.5,40.6,50.2,17.7,23.0,,,,9.2,194.0,76.0,319.0,151.0,,
2007-09-06,,,,,,,,,,,,,,,,6.15,6.46,,,,,,,
2007-09-13,,,,,,,,,,,,,,,,5.97,6.31,,,,,,,
2007-09-20,,,,,,,,,,,,,,,,5.98,6.34,,,,,,,
2007-09-27,,,,,,,,,,,,,,,,6.09,6.42,,,,,,,
2007-10-01,1405.0,237.135,3.1,,77.4,16.8,20.0,8.8,15.0,115.0,36.3,55.2,15.5,24.7,8.951798,,,8.5,190.0,76.0,340.0,165.0,,374.54
2007-10-04,,,,,,,,,,,,,,,,6.03,6.37,,,,,,,
2007-10-11,,,,,,,,,,,,,,,,6.06,6.4,,,,,,,
2007-10-18,,,,,,,,,,,,,,,,6.08,6.4,,,,,,,
2007-10-25,,,,,,,,,,,,,,,,5.99,6.33,,,,,,,
2007-11-01,1390.0,238.169,,,58.6,10.9,16.7,6.5,10.4,88.8,28.8,42.5,12.4,19.2,,5.91,6.26,9.4,190.0,74.0,319.0,136.0,,
2007-11-08,,,,,,,,,,,,,,,,5.9,6.24,,,,,,,
2007-11-15,,,,,,,,,,,,,,,,5.88,6.24,,,,,,,
2007-11-21,,,,,,,,,,,,,,,,5.83,6.2,,,,,,,
2007-11-29,,,,,,,,,,,,,,,,5.73,6.1,,,,,,,
2007-12-01,1328.0,239.102,,,52.3,6.7,8.0,5.4,7.4,68.9,30.3,38.9,9.9,14.6,,,,9.6,191.0,72.0,285.0,149.0,,
2007-12-06,,,,,,,,,,,,,,,,5.65,5.96,,,,,,,
2007-12-13,,,,,,,,,,,,,,,,5.78,6.11,,,,,,,
2007-12-20,,,,,,,,,,,,,,,,5.79,6.14,,,,,,,
2007-12-27,,,,,,,,,,,,,,,,5.79,6.17,,,,,,,
2008-01-01,1331.0,239.85,3.68,,48.5,5.5,8.2,5.8,8.2,70.8,28.9,38.0,8.3,16.5,8.911721,,,9.3,191.0,69.0,322.0,118.0,,371.78
2008-01-03,,,,,,,,,,,,,,,,5.68,6.07,,,,,,,
2008-01-10,,,,,,,,,,,,,,,,5.43,5.87,,,,,,,
2008-01-17,,,,,,,,,,,,,,,,5.21,5.69,,,,,,,
2008-01-24,,,,,,,,,,,,,,,,4.95,5.48,,,,,,,
2008-01-31,,,,,,,,,,,,,,,,5.17,5.68,,,,,,,
2008-02-01,1274.0,240.325,,,51.9,5.7,8.7,3.3,7.6,78.4,30.4,44.2,12.5,17.9,,,,9.7,188.0,67.0,329.0,124.0,,
2008-02-07,,,,,,,,,,,,,,,,5.15,5.67,,,,,,,
2008-02-14,,,,,,,,,,,,,,,,5.25,5.72,,,,,,,
2008-02-21,,,,,,,,,,,,,,,,5.64,6.04,,,,,,,
2008-02-28,,,,,,,,,,,,,,,,5.72,6.24,,,,,,,
2008-03-01,1195.0,240.874,,,61.5,7.7,9.7,5.0,8.6,82.2,35.1,45.2,13.6,18.6,,,,10.5,186.0,65.0,282.0,118.0,,
2008-03-06,,,,,,,,,,,,,,,,5.47,6.03,,,,,,,
2008-03-13,,,,,,,,,,,,,,,,5.6,6.13,,,,,,,
2008-03-20,,,,,,,,,,,,,,,,5.27,5.87,,,,,,,
2008-03-27,,,,,,,,,,,,,,,,5.34,5.85,,,,,,,
2008-04-01,1022.0,241.474,4.36,,62.6,10.0,15.0,5.3,8.2,89.5,32.6,45.3,14.6,21.1,8.623828,,,10.3,182.0,62.0,249.0,135.0,,362.39
2008-04-03,,,,,,,,,,,,,,,,5.42,5.88,,,,,,,
2008-04-10,,,,,,,,,,,,,,,,5.42,5.88,,,,,,,
2008-04-17,,,,,,,,,,,,,,,,5.4,5.88,,,,,,,
2008-04-24,,,,,,,,,,,,,,,,5.62,6.03,,,,,,,
2008-05-01,1142.0,241.803,,,66.1,12.0,14.2,6.8,11.7,91.7,33.4,44.9,13.8,20.8,,5.59,6.06,10.7,183.0,61.0,234.0,118.0,,
2008-05-08,,,,,,,,,,,,,,,,5.6,6.05,,,,,,,
2008-05-15,,,,,,,,,,,,,,,,5.6,6.01,,,,,,,
2008-05-22,,,,,,,,,,,,,,,,5.55,5.98,,,,,,,
2008-05-29,,,,,,,,,,,,,,,,5.66,6.08,,,,,,,
2008-06-01,1142.0,242.64,,,65.2,11.8,14.1,6.6,23.0,102.5,33.4,45.8,13.4,19.5,,,,10.7,181.0,58.0,241.0,116.0,,
2008-06-05,,,,,,,,,,,,,,,,5.65,6.09,,,,,,,
2008-06-12,,,,,,,,,,,,,,,,5.93,6.32,,,,,,,
2008-06-19,,,,,,,,,,,,,,,,6.02,6.42,,,,,,,
2008-06-26,,,,,,,,,,,,,,,,6.04,6.45,,,,,,,
2008-07-01,1087.0,243.367,5.28,,59.9,11.4,15.4,6.8,15.1,86.7,28.1,38.7,13.7,17.4,8.757906,,,10.5,179.0,55.0,233.0,106.0,,350.98
2008-07-03,,,,,,,,,,,,,,,,5.92,6.35,,,,,,,
2008-07-10,,,,,,,,,,,,,,,,5.91,6.37,,,,,,,
2008-07-17,,,,,,,,,,,,,,,,5.78,6.26,,,,,,,
2008-07-24,,,,,,,,,,,,,,,,6.18,6.63,,,,,,,
2008-07-31,,,,,,,,,,,,,,,,6.07,6.52,,,,,,,
2008-08-01,1017.0,244.181,,,54.4,10.5,11.9,6.1,12.7,76.4,25.8,34.7,12.0,17.0,,,,11.3,176.0,52.0,217.0,99.0,,
2008-08-07,,,,,,,,,,,,,,,,6.1,6.52,,,,,,,
2008-08-14,,,,,,,,,,,,,,,,6.07,6.52,,,,,,,
2008-08-21,,,,,,,,,,,,,,,,6.0,6.47,,,,,,,
2008-08-28,,,,,,,,,,,,,,,,5.93,6.4,,,,,,,
2008-09-01,1160.0,244.926,,,48.7,8.4,13.1,4.7,9.8,73.9,25.4,36.5,10.1,14.5,,,,10.9,175.0,50.0,234.0,75.0,,
2008-09-04,,,,,,,,,,,,,,,,5.9,6.35,,,,,,,
2008-09-11,,,,,,,,,,,,,,,,5.54,5.93,,,,,,,
2008-09-18,,,,,,,,,,,,,,,,5.35,5.78,,,,,,,
2008-09-25,,,,,,,,,,,,,,,,5.77,6.09,,,,,,,
2008-10-01,1055.0,245.855,6.58,,45.8,9.2,11.7,5.4,7.2,68.2,21.6,35.3,9.7,14.0,8.825364,,,11.6,172.0,46.0,215.0,70.0,,347.73
2008-10-02,,,,,,,,,,,,,,,,5.78,6.1,,,,,,,
2008-10-09,,,,,,,,,,,,,,,,5.63,5.94,,,,,,,
2008-10-16,,,,,,,,,,,,,,,,6.14,6.46,,,,,,,
2008-10-23,,,,,,,,,,,,,,,,5.72,6.04,,,,,,,
2008-10-30,,,,,,,,,,,,,,,,6.19,6.46,,,,,,,
2008-11-01,1076.0,246.681,,,31.3,6.4,8.0,3.1,4.3,47.5,15.2,25.3,6.5,9.9,,,,11.4,170.0,45.0,218.0,63.0,,
2008-11-06,,,,,,,,,,,,,,,,5.88,6.2,,,,,,,
2008-11-13,,,,,,,,,,,,,,,,5.81,6.14,,,,,,,
2008-11-20,,,,,,,,,,,,,,,,5.73,6.04,,,,,,,
2008-11-26,,,,,,,,,,,,,,,,5.74,5.97,,,,,,,
2008-12-01,1021.0,247.278,,,26.1,3.6,4.8,3.6,4.5,37.7,13.7,19.5,5.2,9.0,,,,11.2,166.0,42.0,211.0,66.0,,
2008-12-04,,,,,,,,,,,,,,,,5.33,5.53,,,,,,,
2008-12-11,,,,,,,,,,,,,,,,5.2,5.47,,,,,,,
2008-12-18,,,,,,,,,,,,,,,,4.92,5.19,,,,,,,
2008-12-24,,,,,,,,,,,,,,,,4.91,5.14,,,,,,,
2008-12-31,,,,,,,,,,,,,,,,4.83,5.1,,,,,,,
2009-01-01,777.0,247.974,8.01,,22.7,2.0,2.8,1.5,2.2,31.9,13.9,17.7,5.3,9.2,8.736148,,,12.2,161.0,41.0,193.0,68.0,,350.3
2009-01-08,,,,,,,,,,,,,,,,4.62,5.01,,,,,,,
2009-01-15,,,,,,,,,,,,,,,,4.65,4.96,,,,,,,
2009-01-22,,,,,,,,,,,,,,,,4.8,5.12,,,,,,,
2009-01-29,,,,,,,,,,,,,,,,4.8,5.1,,,,,,,
2009-02-01,819.0,248.305,,,24.6,2.7,5.4,1.8,3.6,39.8,15.8,22.8,4.3,8.0,,,,10.5,155.0,39.0,215.0,63.0,,
2009-02-05,,,,,,,,,,,,,,,,4.92,5.25,,,,,,,
2009-02-12,,,,,,,,,,,,,,,,4.81,5.16,,,,,,,
2009-02-19,,,,,,,,,,,,,,,,4.68,5.04,,,,,,,
2009-02-26,,,,,,,,,,,,,,,,4.68,5.07,,,,,,,
2009-03-01,839.0,248.639,,,31.0,4.4,7.3,3.4,5.3,42.7,17.6,23.4,5.5,6.7,,,,11.0,149.0,38.0,190.0,65.0,,
2009-03-05,,,,,,,,,,,,,,,,4.72,5.15,,,,,,,
2009-03-12,,,,,,,,,,,,,,,,4.64,5.03,,,,,,,
2009-03-19,,,,,,,,,,,,,,,,4.61,4.98,,,,,,,
2009-03-26,,,,,,,,,,,,,,,,4.58,4.85,,,,,,,
2009-04-01,846.0,248.899,8.57,,35.0,6.0,7.5,3.7,4.5,42.5,17.8,20.5,7.5,10.0,8.546917,,,10.7,144.0,38.0,189.0,65.0,,341.13
2009-04-02,,,,,,,,,,,,,,,,4.52,4.78,,,,,,,
2009-04-09,,,,,,,,,,,,,,,,4.54,4.87,,,,,,,
2009-04-16,,,,,,,,,,,,,,,,4.48,4.82,,,,,,,
2009-04-23,,,,,,,,,,,,,,,,4.48,4.8,,,,,,,
2009-04-30,,,,,,,,,,,,,,,,4.48,4.78,,,,,,,
2009-05-01,818.0,249.069,,,39.5,7.5,8.2,3.6,5.7,52.2,19.4,25.2,9.1,13.1,,,,9.3,138.0,38.0,178.0,105.0,,
2009-05-07,,,,,,,,,,,,,,,,4.51,4.84,,,,,,,
2009-05-14,,,,,,,,,,,,,,,,4.52,4.86,,,,,,,
2009-05-21,,,,,,,,,,,,,,,,4.5,4.82,,,,,,,
2009-05-28,,,,,,,,,,,,,,,,4.53,4.91,,,,,,,
2009-06-01,797.0,249.092,,,49.2,10.1,11.7,5.1,8.1,59.1,23.8,27.1,10.2,12.2,,,,8.5,131.0,36.0,187.0,101.0,,
2009-06-04,,,,,,,,,,,,,,,,4.79,5.29,,,,,,,
2009-06-11,,,,,,,,,,,,,,,,5.06,5.59,,,,,,,
2009-06-18,,,,,,,,,,,,,,,,4.89,5.38,,,,,,,
2009-06-25,,,,,,,,,,,,,,,,4.87,5.42,,,,,,,
2009-07-01,797.0,248.994,9.47,,49.3,9.2,11.2,5.4,6.1,56.8,23.6,27.0,11.1,12.4,8.406611,,,7.9,126.0,34.0,203.0,89.0,,332.23
2009-07-02,,,,,,,,,,,,,,,,4.77,5.32,,,,,,,
2009-07-09,,,,,,,,,,,,,,,,4.69,5.2,,,,,,,
2009-07-16,,,,,,,,,,,,,,,,4.63,5.14,,,,,,,
2009-07-23,,,,,,,,,,,,,,,,4.68,5.2,,,,,,,
2009-07-30,,,,,,,,,,,,,,,,4.69,5.25,,,,,,,
2009-08-01,792.0,249.029,,,43.4,8.1,9.9,4.2,6.5,52.9,20.8,24.9,10.3,11.7,,,,7.5,118.0,34.0,192.0,95.0,,
2009-08-06,,,,,,,,,,,,,,,,4.63,5.22,,,,,,,
2009-08-13,,,,,,,,,,,,,,,,4.68,5.29,,,,,,,
2009-08-20,,,,,,,,,,,,,,,,4.56,5.12,,,,,,,
2009-08-27,,,,,,,,,,,,,,,,4.58,5.14,,,,,,,
2009-09-01,721.0,248.965,,,45.6,8.2,9.9,4.4,5.8,52.6,24.4,26.8,8.6,10.1,,,,7.8,111.0,32.0,182.0,84.0,,
2009-09-03,,,,,,,,,,,,,,,,4.54,5.08,,,,,,,
2009-09-10,,,,,,,,,,,,,,,,4.5,5.07,,,,,,,
2009-09-17,,,,,,,,,,,,,,,,4.47,5.04,,,,,,,
2009-09-24,,,,,,,,,,,,,,,,4.46,5.04,,,,,,,
2009-10-01,746.0,248.888,10.4,,39.4,7.7,9.4,4.2,4.9,44.5,20.0,21.4,7.6,8.7,8.298902,4.36,4.94,7.4,106.0,31.0,182.0,81.0,,329.69
2009-10-08,,,,,,,,,,,,,,,,4.33,4.87,,,,,,,
2009-10-15,,,,,,,,,,,,,,,,4.37,4.92,,,,,,,
2009-10-22,,,,,,,,,,,,,,,,4.43,5.0,,,,,,,
2009-10-29,,,,,,,,,,,,,,,,4.46,5.03,,,,,,,
2009-11-01,844.0,248.886,,,35.2,5.8,8.1,3.2,4.8,42.3,18.8,21.5,7.3,7.9,,,,7.6,101.0,29.0,156.0,93.0,,
2009-11-05,,,,,,,,,,,,,,,,4.4,4.98,,,,,,,
2009-11-12,,,,,,,,,,,,,,,,4.36,4.91,,,,,,,
2009-11-19,,,,,,,,,,,,,,,,4.32,4.83,,,,,,,
2009-11-25,,,,,,,,,,,,,,,,4.29,4.78,,,,,,,
2009-12-01,750.0,248.999,,,30.1,4.6,5.6,3.4,4.4,36.6,16.2,19.8,5.9,6.9,,,,8.0,96.0,31.0,150.0,87.0,,
2009-12-03,,,,,,,,,,,,,,,,4.27,4.71,,,,,,,
2009-12-10,,,,,,,,,,,,,,,,4.32,4.81,,,,,,,
2009-12-17,,,,,,,,,,,,,,,,4.38,4.94,,,,,,,
2009-12-24,,,,,,,,,,,,,,,,4.45,5.05,,,,,,,
2009-12-31,,,,,,,,,,,,,,,,4.54,5.14,,,,,,,
2010-01-01,689.0,249.144,11.49,,31.7,3.2,4.3,3.3,4.1,38.9,18.8,22.5,6.4,7.9,8.139607,,,8.1,96.0,31.0,140.0,92.0,,325.76
2010-01-07,,,,,,,,,,,,,,,,4.5,5.09,,,,,,,
2010-01-14,,,,,,,,,,,,,,,,4.45,5.06,,,,,,,
2010-01-21,,,,,,,,,,,,,,,,4.4,4.99,,,,,,,
2010-01-28,,,,,,,,,,,,,,,,4.39,4.98,,,,,,,
2010-02-01,670.0,249.017,,,35.2,4.7,5.4,2.7,3.9,40.7,19.6,21.2,8.3,10.2,,,,8.3,92.0,30.0,142.0,76.0,,
2010-02-04,,,,,,,,,,,,,,,,4.4,5.01,,,,,,,
2010-02-11,,,,,,,,,,,,,,,,4.34,4.97,,,,,,,
2010-02-18,,,,,,,,,,,,,,,,4.33,4.93,,,,,,,
2010-02-25,,,,,,,,,,,,,,,,4.4,5.05,,,,,,,
2010-03-01,635.0,249.089,,,47.4,6.2,7.0,4.7,5.3,54.7,26.8,30.8,9.7,11.5,,,,7.1,90.0,30.0,153.0,77.0,,
2010-03-04,,,,,,,,,,,,,,,,4.33,4.97,,,,,,,
2010-03-11,,,,,,,,,,,,,,,,4.32,4.95,,,,,,,
2010-03-18,,,,,,,,,,,,,,,,4.33,4.96,,,,,,,
2010-03-25,,,,,,,,,,,,,,,,4.34,4.99,,,,,,,
2010-04-01,737.0,249.012,11.08,,52.2,8.7,10.8,5.1,7.3,62.0,29.2,33.8,9.2,10.0,7.930774,4.39,5.08,6.2,88.0,28.0,206.0,64.0,,322.8
2010-04-08,,,,,,,,,,,,,,,,4.52,5.21,,,,,,,
2010-04-15,,,,,,,,,,,,,,,,4.4,5.07,,,,,,,
2010-04-22,,,,,,,,,,,,,,,,4.39,5.07,,,,,,,
2010-04-29,,,,,,,,,,,,,,,,4.39,5.06,,,,,,,
2010-05-01,702.0,248.925,,,44.5,8.5,11.0,5.6,7.1,56.2,21.2,26.8,9.2,11.3,,,,9.3,87.0,27.0,142.0,54.0,,
2010-05-06,,,,,,,,,,,,,,,,4.36,5.0,,,,,,,
2010-05-13,,,,,,,,,,,,,,,,4.3,4.93,,,,,,,
2010-05-20,,,,,,,,,,,,,,,,4.24,4.84,,,,,,,
2010-05-27,,,,,,,,,,,,,,,,4.21,4.78,,,,,,,
2010-06-01,894.0,248.999,,,45.5,7.8,9.1,5.4,6.4,53.8,22.9,27.5,9.4,10.8,,,,8.3,86.0,28.0,157.0,55.0,,
2010-06-03,,,,,,,,,,,,,,,,4.2,4.79,,,,,,,
2010-06-10,,,,,,,,,,,,,,,,4.17,4.72,,,,,,,
2010-06-17,,,,,,,,,,,,,,,,4.2,4.75,,,,,,,
2010-06-24,,,,,,,,,,,,,,,,4.13,4.69,,,,,,,
2010-07-01,572.0,249.126,10.65,,40.7,7.9,9.3,5.0,7.2,51.5,20.3,24.7,7.6,10.2,7.848625,4.04,4.58,8.9,86.0,27.0,134.0,69.0,,325.92
2010-07-08,,,,,,,,,,,,,,,,4.07,4.57,,,,,,,
2010-07-15,,,,,,,,,,,,,,,,4.06,4.57,,,,,,,
2010-07-22,,,,,,,,,,,,,,,,4.03,4.56,,,,,,,
2010-07-29,,,,,,,,,,,,,,,,4.0,4.54,,,,,,,
2010-08-01,592.0,249.024,,,39.1,8.6,11.0,3.1,6.9,56.3,19.1,25.3,8.2,13.1,,,,8.8,87.0,26.0,132.0,59.0,,
2010-08-05,,,,,,,,,,,,,,,,3.95,4.49,,,,,,,
2010-08-12,,,,,,,,,,,,,,,,3.92,4.44,,,,,,,
2010-08-19,,,,,,,,,,,,,,,,3.9,4.42,,,,,,,
2010-08-26,,,,,,,,,,,,,,,,3.86,4.36,,,,,,,
2010-09-01,632.0,249.368,,,39.2,7.1,8.8,5.1,6.1,53.0,19.4,26.4,7.6,11.7,,,,7.6,85.0,26.0,151.0,72.0,,
2010-09-02,,,,,,,,,,,,,,,,3.83,4.32,,,,,,,
2010-09-09,,,,,,,,,,,,,,,,3.83,4.35,,,,,,,
2010-09-16,,,,,,,,,,,,,,,,3.82,4.37,,,,,,,
2010-09-23,,,,,,,,,,,,,,,,3.82,4.37,,,,,,,
2010-09-30,,,,,,,,,,,,,,,,3.75,4.32,,,,,,,
2010-10-01,605.0,249.618,10.32,,36.0,6.8,8.7,5.3,7.5,45.4,18.2,21.6,5.8,7.7,7.567982,,,8.2,83.0,27.0,147.0,61.0,,323.61
2010-10-07,,,,,,,,,,,,,,,,3.72,4.27,,,,,,,
2010-10-14,,,,,,,,,,,,,,,,3.62,4.19,,,,,,,
2010-10-21,,,,,,,,,,,,,,,,3.64,4.21,,,,,,,
2010-10-28,,,,,,,,,,,,,,,,3.66,4.23,,,,,,,
2010-11-01,552.0,250.317,,,33.0,6.6,8.7,3.6,5.5,40.6,17.3,19.4,5.4,6.9,,,,8.2,81.0,26.0,150.0,55.0,,
2010-11-04,,,,,,,,,,,,,,,,3.63,4.24,,,,,,,
2010-11-11,,,,,,,,,,,,,,,,3.57,4.17,,,,,,,
2010-11-18,,,,,,,,,,,,,,,,3.76,4.39,,,,,,,
2010-11-24,,,,,,,,,,,,,,,,3.77,4.4,,,,,,,
2010-12-01,565.0,250.986,,,26.6,3.0,3.7,3.4,4.0,33.8,14.4,17.4,5.8,8.7,,,,7.0,77.0,27.0,155.0,67.0,,
2010-12-02,,,,,,,,,,,,,,,,3.81,4.46,,,,,,,
2010-12-09,,,,,,,,,,,,,,,,3.96,4.61,,,,,,,
2010-12-16,,,,,,,,,,,,,,,,4.17,4.83,,,,,,,
2010-12-23,,,,,,,,,,,,,,,,4.15,4.81,,,,,,,
2010-12-30,,,,,,,,,,,,,,,,4.2,4.86,,,,,,,
2011-01-01,520.0,251.555,10.37,,26.6,3.6,5.6,2.6,5.8,40.2,14.5,21.2,5.9,7.6,7.500138,,,7.3,75.0,28.0,138.0,71.0,,314.62
2011-01-06,,,,,,,,,,,,,,,,4.13,4.77,,,,,,,
2011-01-13,,,,,,,,,,,,,,,,4.08,4.71,,,,,,,
2011-01-20,,,,,,,,,,,,,,,,4.05,4.74,,,,,,,
2011-01-27,,,,,,,,,,,,,,,,4.09,4.8,,,,,,,
2011-02-01,615.0,251.829,,,26.6,2.9,3.1,1.7,3.1,35.4,16.8,22.8,5.2,6.5,,,,8.1,74.0,27.0,129.0,72.0,,
2011-02-03,,,,,,,,,,,,,,,,4.08,4.81,,,,,,,
2011-02-10,,,,,,,,,,,,,,,,4.29,5.05,,,,,,,
2011-02-17,,,,,,,,,,,,,,,,4.27,5.0,,,,,,,
2011-02-24,,,,,,,,,,,,,,,,4.22,4.95,,,,,,,
2011-03-01,591.0,252.145,,,36.3,4.9,5.9,3.2,5.0,49.9,20.8,29.2,7.4,9.8,,,,7.2,72.0,25.0,137.0,62.0,,
2011-03-03,,,,,,,,,,,,,,,,4.15,4.87,,,,,,,
2011-03-10,,,,,,,,,,,,,,,,4.15,4.88,,,,,,,
2011-03-17,,,,,,,,,,,,,,,,3.97,4.76,,,,,,,
2011-03-24,,,,,,,,,,,,,,,,4.04,4.81,,,,,,,
2011-03-31,,,,,,,,,,,,,,,,4.09,4.86,,,,,,,
2011-04-01,549.0,252.221,10.55,,37.7,5.7,8.3,4.2,5.2,49.0,20.6,24.9,7.2,10.6,7.377539,,,6.7,69.0,25.0,159.0,67.0,,309.06
2011-04-07,,,,,,,,,,,,,,,,4.1,4.87,,,,,,,
2011-04-14,,,,,,,,,,,,,,,,4.13,4.91,,,,,,,
2011-04-21,,,,,,,,,,,,,,,,4.02,4.8,,,,,,,
2011-04-28,,,,,,,,,,,,,,,,3.97,4.78,,,,,,,
2011-05-01,549.0,252.393,,,40.9,8.2,10.8,3.9,5.6,54.0,20.4,24.5,8.5,13.1,,,,6.6,67.0,24.0,132.0,81.0,,
2011-05-05,,,,,,,,,,,,,,,,3.89,4.71,,,,,,,
2011-05-12,,,,,,,,,,,,,,,,3.82,4.63,,,,,,,
2011-05-19,,,,,,,,,,,,,,,,3.8,4.61,,,,,,,
2011-05-26,,,,,,,,,,,,,,,,3.78,4.6,,,,,,,
2011-06-01,579.0,252.592,,,44.8,9.3,13.2,4.0,6.9,60.5,22.8,27.5,8.7,13.0,,,,6.6,65.0,23.0,139.0,69.0,,
2011-06-02,,,,,,,,,,,,,,,,3.74,4.55,,,,,,,
2011-06-09,,,,,,,,,,,,,,,,3.68,4.49,,,,,,,
2011-06-16,,,,,,,,,,,,,,,,3.67,4.5,,,,,,,
2011-06-23,,,,,,,,,,,,,,,,3.69,4.5,,,,,,,
2011-06-30,,,,,,,,,,,,,,,,3.69,4.51,,,,,,,
2011-07-01,634.0,253.085,10.5,,41.0,7.7,9.1,4.0,8.0,57.6,20.6,27.7,8.7,12.7,7.205684,,,6.7,66.0,23.0,121.0,85.0,,311.36
2011-07-07,,,,,,,,,,,,,,,,3.75,4.6,,,,,,,
2011-07-14,,,,,,,,,,,,,,,,3.65,4.51,,,,,,,
2011-07-21,,,,,,,,,,,,,,,,3.66,4.52,,,,,,,
2011-07-28,,,,,,,,,,,,,,,,3.66,4.55,,,,,,,
2011-08-01,614.0,254.003,,,39.4,5.3,8.6,3.2,5.2,54.5,22.1,27.2,8.8,13.4,,,,6.5,64.0,23.0,139.0,72.0,,
2011-08-04,,,,,,,,,,,,,,,,3.54,4.39,,,,,,,
2011-08-11,,,,,,,,,,,,,,,,3.5,4.32,,,,,,,
2011-08-18,,,,,,,,,,,,,,,,3.36,4.15,,,,,,,
2011-08-25,,,,,,,,,,,,,,,,3.44,4.22,,,,,,,
2011-09-01,603.0,254.628,,,37.3,7.2,9.5,3.5,5.2,58.8,19.0,29.4,7.5,14.6,,3.39,4.22,6.3,62.0,24.0,137.0,71.0,,
2011-09-08,,,,,,,,,,,,,,,,3.33,4.12,,,,,,,
2011-09-15,,,,,,,,,,,,,,,,3.3,4.09,,,,,,,
2011-09-22,,,,,,,,,,,,,,,,3.29,4.09,,,,,,,
2011-09-29,,,,,,,,,,,,,,,,3.28,4.01,,,,,,,
2011-10-01,566.0,255.651,10.25,,36.2,7.2,10.0,3.8,5.8,53.2,19.0,26.7,6.3,10.6,7.055088,,,6.0,59.0,24.0,147.0,78.0,,312.8
2011-10-06,,,,,,,,,,,,,,,,3.26,3.94,,,,,,,
2011-10-13,,,,,,,,,,,,,,,,3.37,4.12,,,,,,,
2011-10-20,,,,,,,,,,,,,,,,3.38,4.11,,,,,,,
2011-10-27,,,,,,,,,,,,,,,,3.38,4.1,,,,,,,
2011-11-01,585.0,256.367,,,32.7,5.3,7.2,4.2,7.6,53.0,17.0,25.7,6.3,12.6,,,,5.7,57.0,25.0,145.0,86.0,,
2011-11-03,,,,,,,,,,,,,,,,3.31,4.0,,,,,,,
2011-11-10,,,,,,,,,,,,,,,,3.3,3.99,,,,,,,
2011-11-17,,,,,,,,,,,,,,,,3.31,4.0,,,,,,,
2011-11-23,,,,,,,,,,,,,,,,3.3,3.98,,,,,,,
2011-12-01,610.0,257.189,,,31.0,7.0,9.7,3.0,4.2,42.7,15.6,20.9,5.3,7.9,,3.3,4.0,5.3,56.0,25.0,155.0,89.0,,
2011-12-08,,,,,,,,,,,,,,,,3.27,3.99,,,,,,,
2011-12-15,,,,,,,,,,,,,,,,3.21,3.94,,,,,,,
2011-12-22,,,,,,,,,,,,,,,,3.21,3.91,,,,,,,
2011-12-29,,,,,,,,,,,,,,,,3.24,3.95,,,,,,,
2012-01-01,545.0,257.714,10.33,,33.1,3.7,5.3,2.6,4.6,47.2,20.7,28.4,6.1,9.0,6.805059,,,5.3,53.0,24.0,147.0,86.0,,309.52
2012-01-05,,,,,,,,,,,,,,,,3.23,3.91,,,,,,,
2012-01-12,,,,,,,,,,,,,,,,3.16,3.89,,,,,,,
2012-01-19,,,,,,,,,,,,,,,,3.17,3.88,,,,,,,
2012-01-26,,,,,,,,,,,,,,,,3.24,3.98,,,,,,,
2012-02-01,561.0,258.184,,,32.2,4.1,5.0,2.7,3.8,49.7,19.5,31.1,5.9,9.8,,,,4.8,51.0,25.0,146.0,105.0,,
2012-02-02,,,,,,,,,,,,,,,,3.14,3.87,,,,,,,
2012-02-09,,,,,,,,,,,,,,,,3.16,3.87,,,,,,,
2012-02-16,,,,,,,,,,,,,,,,3.16,3.87,,,,,,,
2012-02-23,,,,,,,,,,,,,,,,3.19,3.95,,,,,,,
2012-03-01,582.0,258.569,,,40.2,6.1,8.4,3.7,7.0,58.0,21.8,30.2,8.5,12.4,,3.17,3.9,4.9,47.0,24.0,143.0,103.0,,
2012-03-08,,,,,,,,,,,,,,,,3.13,3.88,,,,,,,
2012-03-15,,,,,,,,,,,,,,,,3.16,3.92,,,,,,,
2012-03-22,,,,,,,,,,,,,,,,3.3,4.08,,,,,,,
2012-03-29,,,,,,,,,,,,,,,,3.23,3.99,,,,,,,
2012-04-01,671.0,258.922,10.45,,46.6,8.5,11.3,4.4,7.1,66.8,24.2,35.0,9.5,13.4,6.680276,,,4.9,47.0,24.0,136.0,100.0,,308.11
2012-04-05,,,,,,,,,,,,,,,,3.21,3.98,,,,,,,
2012-04-12,,,,,,,,,,,,,,,,3.11,3.88,,,,,,,
2012-04-19,,,,,,,,,,,,,,,,3.13,3.9,,,,,,,
2012-04-26,,,,,,,,,,,,,,,,3.12,3.88,,,,,,,
2012-05-01,626.0,259.231,,,50.1,9.4,11.4,4.4,7.4,67.8,25.3,33.4,11.0,15.5,,,,4.7,46.0,25.0,137.0,102.0,,
2012-05-03,,,,,,,,,,,,,,,,3.07,3.84,,,,,,,
2012-05-10,,,,,,,,,,,,,,,,3.05,3.83,,,,,,,
2012-05-17,,,,,,,,,,,,,,,,3.04,3.79,,,,,,,
2012-05-24,,,,,,,,,,,,,,,,3.04,3.78,,,,,,,
2012-05-31,,,,,,,,,,,,,,,,2.97,3.75,,,,,,,
2012-06-01,625.0,259.407,,,54.4,9.5,10.5,5.0,7.7,74.7,27.7,35.9,12.2,20.5,,,,4.8,45.0,23.0,114.0,118.0,,
2012-06-07,,,,,,,,,,,,,,,,2.94,3.67,,,,,,,
2012-06-14,,,,,,,,,,,,,,,,2.98,3.71,,,,,,,
2012-06-21,,,,,,,,,,,,,,,,2.95,3.66,,,,,,,
2012-06-28,,,,,,,,,,,,,,,,2.94,3.66,,,,,,,
2012-07-01,676.0,260.107,10.48,,49.4,8.3,11.3,4.1,8.1,69.2,25.8,32.0,11.2,17.7,6.621394,,,4.6,42.0,23.0,133.0,116.0,181.21,312.2
2012-07-05,,,,,,,,,,,,,,,,2.89,3.62,,,,,,,
2012-07-12,,,,,,,,,,,,,,,,2.86,3.56,,,,,,,
2012-07-19,,,,,,,,,,,,,,,,2.83,3.53,,,,,,,
2012-07-26,,,,,,,,,,,,,,,,2.8,3.49,,,,,,,
2012-08-01,684.0,260.677,,,49.3,9.1,12.9,4.4,6.9,69.0,25.6,33.3,10.2,15.8,,,,4.6,41.0,23.0,126.0,118.0,,
2012-08-02,,,,,,,,,,,,,,,,2.83,3.55,,,,,,,
2012-08-09,,,,,,,,,,,,,,,,2.84,3.59,,,,,,,
2012-08-16,,,,,,,,,,,,,,,,2.88,3.62,,,,,,,
2012-08-23,,,,,,,,,,,,,,,,2.89,3.66,,,,,,,
2012-08-30,,,,,,,,,,,,,,,,2.86,3.59,,,,,,,
2012-09-01,652.0,261.421,,,51.4,9.8,13.6,4.1,6.9,75.8,26.7,37.5,10.8,17.8,,,,4.5,40.0,22.0,122.0,129.0,,
2012-09-06,,,,,,,,,,,,,,,,2.86,3.55,,,,,,,
2012-09-13,,,,,,,,,,,,,,,,2.85,3.55,,,,,,,
2012-09-20,,,,,,,,,,,,,,,,2.77,3.49,,,,,,,
2012-09-27,,,,,,,,,,,,,,,,2.73,3.4,,,,,,,
2012-10-01,730.0,262.707,10.03,,50.3,10.8,15.0,3.8,7.1,77.0,24.0,37.3,11.7,17.7,6.405273,,,4.9,40.0,23.0,114.0,127.0,177.61,314.66
2012-10-04,,,,,,,,,,,,,,,,2.69,3.36,,,,,,,
2012-10-11,,,,,,,,,,,,,,,,2.7,3.39,,,,,,,
2012-10-18,,,,,,,,,,,,,,,,2.66,3.37,,,,,,,
2012-10-25,,,,,,,,,,,,,,,,2.72,3.41,,,,,,,
2012-11-01,668.0,263.365,,,40.1,7.4,12.1,3.5,5.1,62.2,20.5,33.0,8.7,11.9,,2.7,3.39,4.6,41.0,24.0,125.0,122.0,,
2012-11-08,,,,,,,,,,,,,,,,2.69,3.4,,,,,,,
2012-11-15,,,,,,,,,,,,,,,,2.65,3.34,,,,,,,
2012-11-21,,,,,,,,,,,,,,,,2.63,3.31,,,,,,,
2012-11-29,,,,,,,,,,,,,,,,2.64,3.32,,,,,,,
2012-12-01,677.0,264.098,,,38.2,5.4,11.0,3.8,7.9,63.2,20.8,30.6,8.2,13.6,,,,4.5,41.0,23.0,127.0,130.0,,
2012-12-06,,,,,,,,,,,,,,,,2.67,3.34,,,,,,,
2012-12-13,,,,,,,,,,,,,,,,2.66,3.32,,,,,,,
2012-12-20,,,,,,,,,,,,,,,,2.65,3.37,,,,,,,
2012-12-27,,,,,,,,,,,,,,,,2.65,3.35,,,,,,,
2013-01-01,714.0,264.7,9.73,,39.4,4.1,4.2,2.8,5.4,58.7,23.4,33.8,9.0,15.4,6.520457,,,4.0,40.0,22.0,158.0,133.0,185.22,316.21
2013-01-03,,,,,,,,,,,,,,,,2.64,3.34,,,,,,,
2013-01-10,,,,,,,,,,,,,,,,2.66,3.4,,,,,,,
2013-01-17,,,,,,,,,,,,,,,,2.66,3.38,,,,,,,
2013-01-24,,,,,,,,,,,,,,,,2.71,3.42,,,,,,,
2013-01-31,,,,,,,,,,,,,,,,2.81,3.53,,,,,,,
2013-02-01,729.0,265.256,,,44.2,4.4,7.2,3.6,6.3,66.1,26.1,36.8,10.1,15.8,,,,4.1,40.0,23.0,135.0,154.0,,
2013-02-07,,,,,,,,,,,,,,,,2.77,3.53,,,,,,,
2013-02-14,,,,,,,,,,,,,,,,2.77,3.53,,,,,,,
2013-02-21,,,,,,,,,,,,,,,,2.77,3.56,,,,,,,
2013-02-28,,,,,,,,,,,,,,,,2.76,3.51,,,,,,,
2013-03-01,816.0,265.821,,,52.5,7.4,10.2,3.6,7.5,83.3,30.0,47.4,11.5,18.2,,,,4.2,41.0,24.0,141.0,146.0,,
2013-03-07,,,,,,,,,,,,,,,,2.76,3.52,,,,,,,
2013-03-14,,,,,,,,,,,,,,,,2.79,3.63,,,,,,,
2013-03-21,,,,,,,,,,,,,,,,2.72,3.54,,,,,,,
2013-03-28,,,,,,,,,,,,,,,,2.76,3.57,,,,,,,
2013-04-01,712.0,265.984,9.32,,55.3,10.2,14.0,5.9,7.4,76.3,26.8,36.6,12.4,18.3,6.405988,,,4.4,40.0,26.0,142.0,154.0,179.73,321.03
2013-04-04,,,,,,,,,,,,,,,,2.74,3.54,,,,,,,
2013-04-11,,,,,,,,,,,,,,,,2.65,3.43,,,,,,,
2013-04-18,,,,,,,,,,,,,,,,2.64,3.41,,,,,,,
2013-04-25,,,,,,,,,,,,,,,,2.61,3.4,,,,,,,
2013-05-01,708.0,266.559,,,57.9,10.0,14.0,4.7,9.5,87.2,30.7,44.3,12.5,19.4,,,,4.6,38.0,28.0,147.0,131.0,,
2013-05-02,,,,,,,,,,,,,,,,2.56,3.35,,,,,,,
2013-05-09,,,,,,,,,,,,,,,,2.61,3.42,,,,,,,
2013-05-16,,,,,,,,,,,,,,,,2.69,3.51,,,,,,,
2013-05-23,,,,,,,,,,,,,,,,2.77,3.59,,,,,,,
2013-05-30,,,,,,,,,,,,,,,,2.98,3.81,,,,,,,
2013-06-01,736.0,266.905,,,60.9,9.9,12.7,5.1,8.1,80.7,31.7,39.8,14.3,20.2,,,,4.1,37.0,28.0,140.0,152.0,,
2013-06-06,,,,,,,,,,,,,,,,3.03,3.91,,,,,,,
2013-06-13,,,,,,,,,,,,,,,,3.1,3.98,,,,,,,
2013-06-20,,,,,,,,,,,,,,,,3.04,3.93,,,,,,,
2013-06-27,,,,,,,,,,,,,,,,3.5,4.46,,,,,,,
2013-07-01,784.0,267.482,8.66,,57.4,10.8,15.8,5.3,10.5,84.0,29.3,37.2,12.1,20.5,6.371945,,,5.5,39.0,33.0,109.0,120.0,154.44,325.58
2013-07-03,,,,,,,,,,,,,,,,3.39,4.29,,,,,,,
2013-07-11,,,,,,,,,,,,,,,,3.53,4.51,,,,,,,
2013-07-18,,,,,,,,,,,,,,,,3.41,4.37,,,,,,,
2013-07-25,,,,,,,,,,,,,,,,3.39,4.31,,,,,,,
2013-08-01,765.0,268.505,,,56.5,10.8,14.8,5.1,8.7,80.4,27.2,38.4,13.3,18.5,,3.43,4.39,5.5,41.0,32.0,131.0,103.0,,
2013-08-08,,,,,,,,,,,,,,,,3.43,4.4,,,,,,,
2013-08-15,,,,,,,,,,,,,,,,3.44,4.4,,,,,,,
2013-08-22,,,,,,,,,,,,,,,,3.6,4.58,,,,,,,
2013-08-29,,,,,,,,,,,,,,,,3.54,4.51,,,,,,,
2013-09-01,776.0,269.137,,,51.0,9.5,15.4,4.7,8.9,78.4,26.5,37.9,10.2,16.2,,,,5.4,41.0,37.0,133.0,136.0,,
2013-09-05,,,,,,,,,,,,,,,,3.59,4.57,,,,,,,
2013-09-12,,,,,,,,,,,,,,,,3.59,4.57,,,,,,,
2013-09-19,,,,,,,,,,,,,,,,3.54,4.5,,,,,,,
2013-09-26,,,,,,,,,,,,,,,,3.37,4.32,,,,,,,
2013-10-01,801.0,269.96,8.29,,49.2,9.7,15.8,6.9,11.4,78.4,23.1,33.6,9.5,17.5,6.403982,,,4.9,41.0,36.0,135.0,133.0,94.41,328.17
2013-10-03,,,,,,,,,,,,,,,,3.29,4.22,,,,,,,
2013-10-10,,,,,,,,,,,,,,,,3.31,4.23,,,,,,,
2013-10-17,,,,,,,,,,,,,,,,3.33,4.28,,,,,,,
2013-10-24,,,,,,,,,,,,,,,,3.24,4.13,,,,,,,
2013-10-31,,,,,,,,,,,,,,,,3.2,4.1,,,,,,,
2013-11-01,839.0,270.698,,,50.9,8.9,17.0,4.3,7.4,83.8,26.8,43.1,10.9,16.4,,,,5.0,41.0,34.0,139.0,141.0,,
2013-11-07,,,,,,,,,,,,,,,,3.27,4.16,,,,,,,
2013-11-14,,,,,,,,,,,,,,,,3.35,4.35,,,,,,,
2013-11-21,,,,,,,,,,,,,,,,3.27,4.22,,,,,,,
2013-11-27,,,,,,,,,,,,,,,,3.3,4.29,,,,,,,
2013-12-01,778.0,271.688,,,42.5,6.3,8.6,3.3,5.7,67.6,24.3,34.8,8.5,18.5,,,,5.2,41.0,31.0,125.0,138.0,,
2013-12-05,,,,,,,,,,,,,,,,3.47,4.46,,,,,,,
2013-12-12,,,,,,,,,,,,,,,,3.43,4.42,,,,,,,
2013-12-19,,,,,,,,,,,,,,,,3.51,4.47,,,,,,,
2013-12-26,,,,,,,,,,,,,,,,3.52,4.48,,,,,,,
2014-01-01,838.0,272.317,7.77,,38.6,2.3,2.9,3.0,7.5,60.7,23.0,34.1,10.3,16.2,6.382673,,,5.1,44.0,31.0,138.0,144.0,75.92,330.83
2014-01-02,,,,,,,,,,,,,,,,3.55,4.53,,,,,,,
2014-01-09,,,,,,,,,,,,,,,,3.56,4.51,,,,,,,
2014-01-16,,,,,,,,,,,,,,,,3.45,4.41,,,,,,,
2014-01-23,,,,,,,,,,,,,,,,3.44,4.39,,,,,,,
2014-01-30,,,,,,,,,,,,,,,,3.4,4.32,,,,,,,
2014-02-01,876.0,272.733,,,40.6,3.8,6.9,2.0,5.6,65.1,25.3,37.3,9.5,15.4,,,,5.3,43.0,30.0,148.0,120.0,,
2014-02-06,,,,,,,,,,,,,,,,3.33,4.23,,,,,,,
2014-02-13,,,,,,,,,,,,,,,,3.33,4.28,,,,,,,
2014-02-20,,,,,,,,,,,,,,,,3.35,4.33,,,,,,,
2014-02-27,,,,,,,,,,,,,,,,3.39,4.37,,,,,,,
2014-03-01,893.0,273.486,,,54.6,7.9,10.8,4.1,10.1,80.2,30.5,41.7,12.1,17.5,,,,5.6,47.0,31.0,121.0,132.0,,
2014-03-06,,,,,,,,,,,,,,,,3.32,4.28,,,,,,,
2014-03-13,,,,,,,,,,,,,,,,3.38,4.37,,,,,,,
2014-03-20,,,,,,,,,,,,,,,,3.32,4.32,,,,,,,
2014-03-27,,,,,,,,,,,,,,,,3.42,4.4,,,,,,,
2014-04-01,834.0,274.1,7.43,,60.8,10.7,17.6,4.9,11.0,94.9,30.1,43.8,15.1,22.5,6.222359,,,5.7,48.0,29.0,127.0,123.0,84.16,337.25
2014-04-03,,,,,,,,,,,,,,,,3.47,4.41,,,,,,,
2014-04-10,,,,,,,,,,,,,,,,3.38,4.34,,,,,,,
2014-04-17,,,,,,,,,,,,,,,,3.33,4.27,,,,,,,
2014-04-24,,,,,,,,,,,,,,,,3.39,4.33,,,,,,,
2014-05-01,891.0,274.71,,,60.9,11.2,16.6,5.0,8.3,92.5,32.7,49.8,12.0,17.9,,3.38,4.29,5.2,49.0,30.0,149.0,141.0,,
2014-05-08,,,,,,,,,,,,,,,,3.32,4.21,,,,,,,
2014-05-15,,,,,,,,,,,,,,,,3.29,4.2,,,,,,,
2014-05-22,,,,,,,,,,,,,,,,3.25,4.14,,,,,,,
2014-05-29,,,,,,,,,,,,,,,,3.21,4.12,,,,,,,
2014-06-01,800.0,275.321,,,60.9,12.5,19.5,5.1,8.9,87.3,28.5,37.0,14.8,22.0,,,,5.7,50.0,32.0,140.0,133.0,,
2014-06-05,,,,,,,,,,,,,,,,3.23,4.14,,,,,,,
2014-06-12,,,,,,,,,,,,,,,,3.31,4.2,,,,,,,
2014-06-19,,,,,,,,,,,,,,,,3.3,4.17,,,,,,,
2014-06-26,,,,,,,,,,,,,,,,3.22,4.14,,,,,,,
2014-07-01,839.0,276.248,7.06,,61.3,11.0,15.9,4.5,12.8,101.0,31.6,47.3,14.1,25.0,6.230359,,,6.2,52.0,33.0,133.0,130.0,94.85,342.11
2014-07-03,,,,,,,,,,,,,,,,3.22,4.12,,,,,,,
2014-07-10,,,,,,,,,,,,,,,,3.24,4.15,,,,,,,
2014-07-17,,,,,,,,,,,,,,,,3.23,4.13,,,,,,,
2014-07-24,,,,,,,,,,,,,,,,3.26,4.13,,,,,,,
2014-07-31,,,,,,,,,,,,,,,,3.23,4.12,,,,,,,
2014-08-01,908.0,277.048,,,58.0,9.5,16.6,5.0,9.7,86.2,30.8,41.5,12.7,18.4,,,,5.4,51.0,33.0,155.0,148.0,,
2014-08-07,,,,,,,,,,,,,,,,3.27,4.14,,,,,,,
2014-08-14,,,,,,,,,,,,,,,,3.24,4.12,,,,,,,
2014-08-21,,,,,,,,,,,,,,,,3.23,4.1,,,,,,,
2014-08-28,,,,,,,,,,,,,,,,3.25,4.1,,,,,,,
2014-09-01,975.0,277.998,,,58.3,11.4,16.7,4.8,10.1,94.2,29.9,45.7,12.2,21.7,,,,5.4,53.0,35.0,154.0,145.0,,
2014-09-04,,,,,,,,,,,,,,,,3.24,4.1,,,,,,,
2014-09-11,,,,,,,,,,,,,,,,3.26,4.12,,,,,,,
2014-09-18,,,,,,,,,,,,,,,,3.37,4.23,,,,,,,
2014-09-25,,,,,,,,,,,,,,,,3.36,4.2,,,,,,,
2014-10-01,920.0,278.985,6.5,,58.4,9.7,15.1,5.0,9.0,92.0,31.7,50.2,12.0,17.6,6.14628,,,5.3,54.0,34.0,156.0,147.0,95.92,344.87
2014-10-02,,,,,,,,,,,,,,,,3.36,4.19,,,,,,,
2014-10-09,,,,,,,,,,,,,,,,3.3,4.12,,,,,,,
2014-10-16,,,,,,,,,,,,,,,,3.18,3.97,,,,,,,
2014-10-23,,,,,,,,,,,,,,,,3.08,3.92,,,,,,,
2014-10-30,,,,,,,,,,,,,,,,3.13,3.98,,,,,,,
2014-11-01,863.0,280.123,,,47.3,8.5,13.8,4.2,8.6,75.8,24.8,32.7,9.8,20.8,,,,5.7,56.0,35.0,137.0,147.0,,
2014-11-06,,,,,,,,,,,,,,,,3.21,4.02,,,,,,,
2014-11-13,,,,,,,,,,,,,,,,3.2,4.01,,,,,,,
2014-11-20,,,,,,,,,,,,,,,,3.17,3.99,,,,,,,
2014-11-26,,,,,,,,,,,,,,,,3.17,3.97,,,,,,,
2014-12-01,955.0,280.874,,,48.1,7.2,10.1,3.6,8.0,73.4,26.9,35.3,10.4,20.0,,,,5.1,56.0,34.0,189.0,145.0,,
2014-12-04,,,,,,,,,,,,,,,,3.1,3.89,,,,,,,
2014-12-11,,,,,,,,,,,,,,,,3.2,3.93,,,,,,,
2014-12-18,,,,,,,,,,,,,,,,3.09,3.8,,,,,,,
2014-12-24,,,,,,,,,,,,,,,,3.1,3.83,,,,,,,
2014-12-31,,,,,,,,,,,,,,,,3.15,3.87,,,,,,,
2015-01-01,954.0,281.572,6.24,,46.4,4.5,7.5,3.2,6.9,73.0,26.8,37.6,11.9,21.0,6.116055,,,4.8,54.0,36.0,195.0,146.0,106.38,348.69
2015-01-08,,,,,,,,,,,,,,,,3.05,3.73,,,,,,,
2015-01-15,,,,,,,,,,,,,,,,2.98,3.66,,,,,,,
2015-01-22,,,,,,,,,,,,,,,,2.93,3.63,,,,,,,
2015-01-29,,,,,,,,,,,,,,,,2.98,3.66,,,,,,,
2015-02-01,863.0,282.389,,,40.6,3.5,5.0,1.2,2.8,61.9,25.9,37.3,10.0,16.8,,,,4.5,55.0,36.0,180.0,175.0,,
2015-02-05,,,,,,,,,,,,,,,,2.92,3.59,,,,,,,
2015-02-12,,,,,,,,,,,,,,,,2.99,3.69,,,,,,,
2015-02-19,,,,,,,,,,,,,,,,3.05,3.76,,,,,,,
2015-02-26,,,,,,,,,,,,,,,,3.07,3.8,,,,,,,
2015-03-01,781.0,283.13,,,52.9,6.1,10.5,3.4,8.0,79.7,31.1,44.4,12.2,16.8,,,,5.1,52.0,37.0,166.0,151.0,,
2015-03-05,,,,,,,,,,,,,,,,3.03,3.75,,,,,,,
2015-03-12,,,,,,,,,,,,,,,,3.1,3.86,,,,,,,
2015-03-19,,,,,,,,,,,,,,,,3.06,3.78,,,,,,,
2015-03-26,,,,,,,,,,,,,,,,2.97,3.69,,,,,,,
2015-04-01,1001.0,283.598,5.82,,69.5,12.2,16.0,5.3,17.3,108.5,34.1,46.7,17.8,28.5,6.022983,,,4.9,50.0,37.0,180.0,165.0,134.63,354.33
2015-04-02,,,,,,,,,,,,,,,,2.98,3.7,,,,,,,
2015-04-09,,,,,,,,,,,,,,,,2.93,3.66,,,,,,,
2015-04-16,,,,,,,,,,,,,,,,2.94,3.67,,,,,,,
2015-04-23,,,,,,,,,,,,,,,,2.92,3.65,,,,,,,
2015-04-30,,,,,,,,,,,,,,,,2.94,3.68,,,,,,,
2015-05-01,1012.0,284.245,,,66.5,10.8,14.6,5.3,13.2,99.6,34.2,46.6,16.2,25.1,,,,5.0,51.0,37.0,160.0,159.0,,
2015-05-07,,,,,,,,,,,,,,,,3.02,3.8,,,,,,,
2015-05-14,,,,,,,,,,,,,,,,3.07,3.85,,,,,,,
2015-05-21,,,,,,,,,,,,,,,,3.05,3.84,,,,,,,
2015-05-28,,,,,,,,,,,,,,,,3.11,3.87,,,,,,,
2015-06-01,962.0,285.031,,,69.4,10.6,14.5,4.4,19.1,112.3,38.5,51.8,15.9,26.9,,,,5.4,50.0,38.0,160.0,163.0,,
2015-06-04,,,,,,,,,,,,,,,,3.08,3.87,,,,,,,
2015-06-11,,,,,,,,,,,,,,,,3.25,4.04,,,,,,,
2015-06-18,,,,,,,,,,,,,,,,3.23,4.0,,,,,,,
2015-06-25,,,,,,,,,,,,,,,,3.21,4.02,,,,,,,
2015-07-01,988.0,286.09,5.39,,71.8,12.4,17.1,6.7,14.8,107.2,35.2,50.0,17.5,25.3,6.05368,,,5.2,49.0,37.0,171.0,171.0,120.27,359.34
2015-07-02,,,,,,,,,,,,,,,,3.24,4.08,,,,,,,
2015-07-09,,,,,,,,,,,,,,,,3.2,4.04,,,,,,,
2015-07-16,,,,,,,,,,,,,,,,3.25,4.09,,,,,,,
2015-07-23,,,,,,,,,,,,,,,,3.21,4.04,,,,,,,
2015-07-30,,,,,,,,,,,,,,,,3.17,3.98,,,,,,,
2015-08-01,974.0,287.068,,,66.4,10.3,13.7,5.2,9.9,99.2,38.0,54.2,12.9,21.4,,,,5.0,48.0,36.0,173.0,164.0,,
2015-08-06,,,,,,,,,,,,,,,,3.13,3.91,,,,,,,
2015-08-13,,,,,,,,,,,,,,,,3.17,3.94,,,,,,,
2015-08-20,,,,,,,,,,,,,,,,3.15,3.93,,,,,,,
2015-08-27,,,,,,,,,,,,,,,,3.06,3.84,,,,,,,
2015-09-01,1040.0,288.306,,,65.0,11.1,13.6,5.0,12.4,111.6,35.1,58.3,13.9,27.2,,,,5.9,51.0,36.0,147.0,150.0,,
2015-09-03,,,,,,,,,,,,,,,,3.09,3.89,,,,,,,
2015-09-10,,,,,,,,,,,,,,,,3.1,3.9,,,,,,,
2015-09-17,,,,,,,,,,,,,,,,3.11,3.91,,,,,,,
2015-09-24,,,,,,,,,,,,,,,,3.08,3.86,,,,,,,
2015-10-01,985.0,289.428,5.11,,58.9,11.2,16.5,5.4,12.3,90.9,29.7,42.2,12.6,19.7,6.026867,3.07,3.85,5.6,52.0,39.0,147.0,151.0,109.6,362.21
2015-10-08,,,,,,,,,,,,,,,,2.99,3.76,,,,,,,
2015-10-15,,,,,,,,,,,,,,,,3.03,3.82,,,,,,,
2015-10-22,,,,,,,,,,,,,,,,2.98,3.79,,,,,,,
2015-10-29,,,,,,,,,,,,,,,,2.98,3.76,,,,,,,
2015-11-01,1000.0,290.322,,,57.0,8.4,13.6,5.3,10.4,89.9,29.8,45.8,13.3,20.2,,,,5.5,53.0,38.0,148.0,173.0,,
2015-11-05,,,,,,,,,,,,,,,,3.09,3.87,,,,,,,
2015-11-12,,,,,,,,,,,,,,,,3.2,3.98,,,,,,,
2015-11-19,,,,,,,,,,,,,,,,3.18,3.97,,,,,,,
2015-11-25,,,,,,,,,,,,,,,,3.18,3.95,,,,,,,
2015-12-01,1023.0,291.204,,,50.2,6.2,9.9,4.4,11.0,78.1,28.6,40.7,10.9,16.5,,,,5.1,54.0,39.0,165.0,159.0,,
2015-12-03,,,,,,,,,,,,,,,,3.16,3.93,,,,,,,
2015-12-10,,,,,,,,,,,,,,,,3.19,3.95,,,,,,,
2015-12-17,,,,,,,,,,,,,,,,3.22,3.97,,,,,,,
2015-12-24,,,,,,,,,,,,,,,,3.22,3.96,,,,,,,
2015-12-31,,,,,,,,,,,,,,,,3.24,4.01,,,,,,,
2016-01-01,1056.0,292.004,4.79,,50.2,5.7,7.5,3.7,9.5,74.3,29.9,40.4,10.9,17.0,6.090748,,,5.6,55.0,37.0,161.0,164.0,100.22,365.55
2016-01-07,,,,,,,,,,,,,,,,3.26,3.97,,,,,,,
2016-01-14,,,,,,,,,,,,,,,,3.19,3.92,,,,,,,
2016-01-21,,,,,,,,,,,,,,,,3.1,3.81,,,,,,,
2016-01-28,,,,,,,,,,,,,,,,3.07,3.79,,,,,,,
2016-02-01,1037.0,292.777,,,58.0,7.3,10.8,3.0,4.6,84.1,33.8,46.8,13.9,21.9,,,,5.5,57.0,36.0,175.0,147.0,,
2016-02-04,,,,,,,,,,,,,,,,3.01,3.72,,,,,,,
2016-02-11,,,,,,,,,,,,,,,,2.95,3.65,,,,,,,
2016-02-18,,,,,,,,,,,,,,,,2.95,3.65,,,,,,,
2016-02-25,,,,,,,,,,,,,,,,2.93,3.62,,,,,,,
2016-03-01,1003.0,293.489,,,62.2,8.0,11.4,4.3,11.9,90.7,34.6,45.7,15.2,21.8,,,,5.5,58.0,36.0,165.0,173.0,,
2016-03-03,,,,,,,,,,,,,,,,2.94,3.64,,,,,,,
2016-03-10,,,,,,,,,,,,,,,,2.96,3.68,,,,,,,
2016-03-17,,,,,,,,,,,,,,,,2.99,3.73,,,,,,,
2016-03-24,,,,,,,,,,,,,,,,2.96,3.71,,,,,,,
2016-03-31,,,,,,,,,,,,,,,,2.98,3.71,,,,,,,
2016-04-01,945.0,294.175,4.58,,72.5,13.0,19.3,5.3,10.8,106.2,39.2,54.1,15.0,22.0,6.067528,,,5.0,58.0,36.0,193.0,163.0,137.07,372.36
2016-04-07,,,,,,,,,,,,,,,,2.88,3.59,,,,,,,
2016-04-14,,,,,,,,,,,,,,,,2.86,3.58,,,,,,,
2016-04-21,,,,,,,,,,,,,,,,2.85,3.59,,,,,,,
2016-04-28,,,,,,,,,,,,,,,,2.89,3.66,,,,,,,
2016-05-01,1000.0,295.036,,,70.2,11.1,18.6,5.3,7.5,105.0,38.5,54.1,15.2,24.9,,,,5.1,59.0,37.0,183.0,198.0,,
2016-05-05,,,,,,,,,,,,,,,,2.86,3.61,,,,,,,
2016-05-12,,,,,,,,,,,,,,,,2.81,3.57,,,,,,,
2016-05-19,,,,,,,,,,,,,,,,2.81,3.58,,,,,,,
2016-05-26,,,,,,,,,,,,,,,,2.89,3.64,,,,,,,
2016-06-01,1109.0,295.902,,,75.0,12.2,18.6,7.2,10.8,111.6,38.9,54.1,16.7,28.2,,,,5.3,57.0,38.0,197.0,155.0,,
2016-06-02,,,,,,,,,,,,,,,,2.92,3.66,,,,,,,
2016-06-09,,,,,,,,,,,,,,,,2.87,3.6,,,,,,,
2016-06-16,,,,,,,,,,,,,,,,2.81,3.54,,,,,,,
2016-06-23,,,,,,,,,,,,,,,,2.83,3.56,,,,,,,
2016-06-30,,,,,,,,,,,,,,,,2.78,3.48,,,,,,,
2016-07-01,1072.0,296.862,4.38,,72.6,11.1,15.7,5.6,12.7,115.2,38.5,58.3,17.4,28.4,5.991104,,,4.5,58.0,38.0,203.0,170.0,145.23,379.02
2016-07-07,,,,,,,,,,,,,,,,2.74,3.41,,,,,,,
2016-07-14,,,,,,,,,,,,,,,,2.72,3.42,,,,,,,
2016-07-21,,,,,,,,,,,,,,,,2.75,3.45,,,,,,,
2016-07-28,,,,,,,,,,,,,,,,2.78,3.48,,,,,,,
2016-08-01,1054.0,297.916,,,66.5,10.8,15.5,4.9,11.6,102.8,34.3,49.6,16.6,26.1,,,,5.0,61.0,40.0,179.0,181.0,,
2016-08-04,,,,,,,,,,,,,,,,2.74,3.43,,,,,,,
2016-08-11,,,,,,,,,,,,,,,,2.76,3.45,,,,,,,
2016-08-18,,,,,,,,,,,,,,,,2.74,3.43,,,,,,,
2016-08-25,,,,,,,,,,,,,,,,2.74,3.43,,,,,,,
2016-09-01,1035.0,298.962,,,67.4,11.2,14.8,5.5,8.7,95.0,35.8,46.9,14.9,24.5,,2.77,3.46,5.2,60.0,40.0,183.0,172.0,,
2016-09-08,,,,,,,,,,,,,,,,2.76,3.44,,,,,,,
2016-09-15,,,,,,,,,,,,,,,,2.77,3.5,,,,,,,
2016-09-22,,,,,,,,,,,,,,,,2.76,3.48,,,,,,,
2016-09-29,,,,,,,,,,,,,,,,2.72,3.42,,,,,,,
2016-10-01,1070.0,300.4,4.14,,73.4,12.2,18.7,6.4,14.9,114.5,37.7,52.1,17.2,28.8,5.985307,,,5.2,59.0,38.0,200.0,190.0,153.36,381.94
2016-10-06,,,,,,,,,,,,,,,,2.72,3.42,,,,,,,
2016-10-13,,,,,,,,,,,,,,,,2.76,3.47,,,,,,,
2016-10-20,,,,,,,,,,,,,,,,2.79,3.52,,,,,,,
2016-10-27,,,,,,,,,,,,,,,,2.78,3.47,,,,,,,
2016-11-01,1244.0,301.587,,,60.6,11.3,17.4,4.8,6.8,87.8,31.7,43.4,12.8,20.3,,,,5.2,59.0,38.0,201.0,155.0,,
2016-11-03,,,,,,,,,,,,,,,,2.84,3.54,,,,,,,
2016-11-10,,,,,,,,,,,,,,,,2.88,3.57,,,,,,,
2016-11-17,,,,,,,,,,,,,,,,3.14,3.94,,,,,,,
2016-11-23,,,,,,,,,,,,,,,,3.25,4.03,,,,,,,
2016-12-01,1101.0,302.735,,,52.9,7.0,13.9,4.1,6.4,86.5,28.2,39.0,13.5,27.2,,3.34,4.08,5.4,59.0,43.0,188.0,170.0,,
2016-12-08,,,,,,,,,,,,,,,,3.36,4.13,,,,,,,
2016-12-15,,,,,,,,,,,,,,,,3.37,4.16,,,,,,,
2016-12-22,,,,,,,,,,,,,,,,3.52,4.3,,,,,,,
2016-12-29,,,,,,,,,,,,,,,,3.55,4.32,,,,,,,
2017-01-01,1081.0,303.467,3.91,,53.1,6.2,10.7,3.4,8.0,82.3,32.4,48.0,11.1,15.6,5.979369,,,5.4,59.0,45.0,187.0,180.0,98.01,384.62
2017-01-05,,,,,,,,,,,,,,,,3.44,4.2,,,,,,,
2017-01-12,,,,,,,,,,,,,,,,3.37,4.12,,,,,,,
2017-01-19,,,,,,,,,,,,,,,,3.34,4.09,,,,,,,
2017-01-26,,,,,,,,,,,,,,,,3.4,4.19,,,,,,,
2017-02-01,1148.0,304.211,,,58.8,7.6,8.9,3.5,6.6,87.8,33.6,48.4,14.1,23.8,,,,5.3,60.0,47.0,203.0,170.0,,
2017-02-02,,,,,,,,,,,,,,,,3.41,4.19,,,,,,,
2017-02-09,,,,,,,,,,,,,,,,3.39,4.17,,,,,,,
2017-02-16,,,,,,,,,,,,,,,,3.35,4.15,,,,,,,
2017-02-23,,,,,,,,,,,,,,,,3.37,4.16,,,,,,,
2017-03-01,1147.0,304.868,,,69.5,7.3,9.9,4.9,8.8,97.1,41.1,53.8,16.1,24.7,,,,5.0,60.0,47.0,222.0,193.0,,
2017-03-02,,,,,,,,,,,,,,,,3.32,4.1,,,,,,,
2017-03-09,,,,,,,,,,,,,,,,3.42,4.21,,,,,,,
2017-03-16,,,,,,,,,,,,,,,,3.5,4.3,,,,,,,
2017-03-23,,,,,,,,,,,,,,,,3.44,4.23,,,,,,,
2017-03-30,,,,,,,,,,,,,,,,3.39,4.14,,,,,,,
2017-04-01,1069.0,305.477,3.68,,76.9,12.3,18.8,4.4,7.7,105.2,40.7,50.3,19.5,28.4,5.969329,,,5.4,59.0,48.0,188.0,186.0,112.74,393.22
2017-04-06,,,,,,,,,,,,,,,,3.36,4.1,,,,,,,
2017-04-13,,,,,,,,,,,,,,,,3.34,4.08,,,,,,,
2017-04-20,,,,,,,,,,,,,,,,3.23,3.97,,,,,,,
2017-04-27,,,,,,,,,,,,,,,,3.27,4.03,,,,,,,
2017-05-01,1170.0,306.379,,,76.9,14.6,16.8,5.2,7.9,106.0,39.1,52.5,18.0,28.9,,,,5.1,62.0,48.0,211.0,215.0,,
2017-05-04,,,,,,,,,,,,,,,,3.27,4.02,,,,,,,
2017-05-11,,,,,,,,,,,,,,,,3.29,4.05,,,,,,,
2017-05-18,,,,,,,,,,,,,,,,3.27,4.02,,,,,,,
2017-05-25,,,,,,,,,,,,,,,,3.19,3.95,,,,,,,
2017-06-01,1236.0,307.314,,,83.8,14.5,20.6,6.1,14.8,116.3,42.6,49.5,20.6,31.4,,3.19,3.94,5.3,65.0,46.0,204.0,207.0,,
2017-06-08,,,,,,,,,,,,,,,,3.16,3.89,,,,,,,
2017-06-15,,,,,,,,,,,,,,,,3.18,3.91,,,,,,,
2017-06-22,,,,,,,,,,,,,,,,3.17,3.9,,,,,,,
2017-06-29,,,,,,,,,,,,,,,,3.17,3.88,,,,,,,
2017-07-01,1173.0,308.173,3.64,,79.4,11.8,16.1,6.7,11.5,112.3,42.1,56.3,18.8,28.4,5.977025,,,5.8,65.0,45.0,196.0,169.0,124.08,399.28
2017-07-06,,,,,,,,,,,,,,,,3.22,3.96,,,,,,,
2017-07-13,,,,,,,,,,,,,,,,3.29,4.03,,,,,,,
2017-07-20,,,,,,,,,,,,,,,,3.23,3.96,,,,,,,
2017-07-27,,,,,,,,,,,,,,,,3.2,3.92,,,,,,,
2017-08-01,1107.0,309.479,,,78.1,11.0,15.4,6.3,9.6,102.6,41.9,50.6,18.9,27.0,,,,6.1,63.0,47.0,199.0,166.0,,
2017-08-03,,,,,,,,,,,,,,,,3.18,3.93,,,,,,,
2017-08-10,,,,,,,,,,,,,,,,3.18,3.9,,,,,,,
2017-08-17,,,,,,,,,,,,,,,,3.16,3.89,,,,,,,
2017-08-24,,,,,,,,,,,,,,,,3.16,3.86,,,,,,,
2017-08-31,,,,,,,,,,,,,,,,3.12,3.82,,,,,,,
2017-09-01,1113.0,310.268,,,72.5,12.4,18.2,6.8,9.3,104.4,35.0,47.9,18.3,28.8,,,,5.3,64.0,48.0,226.0,180.0,,
2017-09-07,,,,,,,,,,,,,,,,3.08,3.78,,,,,,,
2017-09-14,,,,,,,,,,,,,,,,3.08,3.78,,,,,,,
2017-09-21,,,,,,,,,,,,,,,,3.13,3.83,,,,,,,
2017-09-28,,,,,,,,,,,,,,,,3.13,3.83,,,,,,,
2017-10-01,1196.0,311.501,3.57,,75.7,14.4,19.4,6.2,13.5,109.6,39.0,51.7,16.2,25.0,5.942936,,,5.5,64.0,49.0,224.0,183.0,117.68,402.59
2017-10-05,,,,,,,,,,,,,,,,3.15,3.85,,,,,,,
2017-10-12,,,,,,,,,,,,,,,,3.21,3.91,,,,,,,
2017-10-19,,,,,,,,,,,,,,,,3.19,3.88,,,,,,,
2017-10-26,,,,,,,,,,,,,,,,3.25,3.94,,,,,,,
2017-11-01,1182.0,312.67,,,69.1,11.3,14.6,5.0,7.5,97.9,36.1,49.3,16.7,26.5,,,,4.8,63.0,47.0,227.0,242.0,,
2017-11-02,,,,,,,,,,,,,,,,3.27,3.94,,,,,,,
2017-11-09,,,,,,,,,,,,,,,,3.24,3.9,,,,,,,
2017-11-16,,,,,,,,,,,,,,,,3.31,3.95,,,,,,,
2017-11-22,,,,,,,,,,,,,,,,3.32,3.92,,,,,,,
2017-11-30,,,,,,,,,,,,,,,,3.3,3.9,,,,,,,
2017-12-01,1200.0,313.904,,,55.1,6.8,10.1,3.4,6.2,81.4,29.4,40.4,15.5,24.7,,,,5.6,63.0,52.0,240.0,191.0,,
2017-12-07,,,,,,,,,,,,,,,,3.36,3.94,,,,,,,
2017-12-14,,,,,,,,,,,,,,,,3.36,3.93,,,,,,,
2017-12-21,,,,,,,,,,,,,,,,3.38,3.94,,,,,,,
2017-12-28,,,,,,,,,,,,,,,,3.44,3.99,,,,,,,
2018-01-01,1208.0,314.788,3.48,,59.9,5.5,7.2,3.6,7.5,91.6,36.0,50.8,14.8,26.1,5.924021,,,6.0,63.0,52.0,216.0,163.0,93.86,408.22
2018-01-04,,,,,,,,,,,,,,,,3.38,3.95,,,,,,,
2018-01-11,,,,,,,,,,,,,,,,3.44,3.99,,,,,,,
2018-01-18,,,,,,,,,,,,,,,,3.49,4.04,,,,,,,
2018-01-25,,,,,,,,,,,,,,,,3.62,4.15,,,,,,,
2018-02-01,1288.0,315.277,,,62.4,5.0,8.1,3.4,8.1,89.7,35.9,45.6,18.1,27.9,,3.68,4.22,5.7,63.0,53.0,208.0,185.0,,
2018-02-08,,,,,,,,,,,,,,,,3.77,4.32,,,,,,,
2018-02-15,,,,,,,,,,,,,,,,3.84,4.38,,,,,,,
2018-02-22,,,,,,,,,,,,,,,,3.85,4.4,,,,,,,
2018-03-01,1181.0,315.883,,,72.5,9.6,12.9,4.6,9.2,107.2,37.6,52.4,20.8,32.7,,3.9,4.43,5.2,62.0,54.0,239.0,189.0,,
2018-03-08,,,,,,,,,,,,,,,,3.94,4.46,,,,,,,
2018-03-15,,,,,,,,,,,,,,,,3.9,4.44,,,,,,,
2018-03-22,,,,,,,,,,,,,,,,3.91,4.45,,,,,,,
2018-03-29,,,,,,,,,,,,,,,,3.9,4.44,,,,,,,
2018-04-01,1224.0,316.763,3.22,,85.1,10.3,15.1,5.3,8.7,117.5,48.3,61.4,21.1,32.4,5.884257,,,5.6,61.0,54.0,224.0,179.0,112.78,415.71
2018-04-05,,,,,,,,,,,,,,,,3.87,4.4,,,,,,,
2018-04-12,,,,,,,,,,,,,,,,3.87,4.42,,,,,,,
2018-04-19,,,,,,,,,,,,,,,,3.94,4.47,,,,,,,
2018-04-26,,,,,,,,,,,,,,,,4.02,4.58,,,,,,,
2018-05-01,1262.0,317.49,,,88.7,16.6,24.0,6.2,9.9,123.7,45.0,59.0,20.9,30.9,,,,5.5,59.0,53.0,252.0,166.0,,
2018-05-03,,,,,,,,,,,,,,,,4.03,4.55,,,,,,,
2018-05-10,,,,,,,,,,,,,,,,4.01,4.55,,,,,,,
2018-05-17,,,,,,,,,,,,,,,,4.08,4.61,,,,,,,
2018-05-24,,,,,,,,,,,,,,,,4.15,4.66,,,,,,,
2018-05-31,,,,,,,,,,,,,,,,4.06,4.56,,,,,,,
2018-06-01,1212.0,318.318,,,83.5,11.9,16.4,7.2,10.2,112.0,42.5,52.8,21.8,32.6,,,,5.8,62.0,56.0,222.0,174.0,,
2018-06-07,,,,,,,,,,,,,,,,4.01,4.54,,,,,,,
2018-06-14,,,,,,,,,,,,,,,,4.07,4.62,,,,,,,
2018-06-21,,,,,,,,,,,,,,,,4.04,4.57,,,,,,,
2018-06-28,,,,,,,,,,,,,,,,4.04,4.55,,,,,,,
2018-07-01,1150.0,319.351,2.99,,81.8,14.0,17.9,6.7,10.1,111.9,41.5,57.2,19.6,26.6,5.913372,,,6.0,65.0,56.0,197.0,198.0,108.79,420.8
2018-07-05,,,,,,,,,,,,,,,,3.99,4.52,,,,,,,
2018-07-12,,,,,,,,,,,,,,,,4.02,4.53,,,,,,,
2018-07-19,,,,,,,,,,,,,,,,4.0,4.52,,,,,,,
2018-07-26,,,,,,,,,,,,,,,,4.02,4.54,,,,,,,
2018-08-01,1262.0,320.651,,,80.8,10.9,16.7,6.1,8.9,113.8,43.2,58.4,20.5,29.7,,,,6.5,69.0,55.0,218.0,168.0,,
2018-08-02,,,,,,,,,,,,,,,,4.08,4.6,,,,,,,
2018-08-09,,,,,,,,,,,,,,,,4.05,4.59,,,,,,,
2018-08-16,,,,,,,,,,,,,,,,4.01,4.53,,,,,,,
2018-08-23,,,,,,,,,,,,,,,,3.98,4.51,,,,,,,
2018-08-30,,,,,,,,,,,,,,,,3.97,4.52,,,,,,,
2018-09-01,1187.0,321.533,,,75.0,12.7,16.7,5.3,13.2,109.7,36.3,48.3,20.8,31.5,,,,6.6,71.0,55.0,209.0,175.0,,
2018-09-06,,,,,,,,,,,,,,,,3.99,4.54,,,,,,,
2018-09-13,,,,,,,,,,,,,,,,4.06,4.6,,,,,,,
2018-09-20,,,,,,,,,,,,,,,,4.11,4.65,,,,,,,
2018-09-27,,,,,,,,,,,,,,,,4.16,4.72,,,,,,,
2018-10-01,1122.0,322.628,2.83,,74.9,12.2,17.9,7.2,8.7,105.7,35.8,50.6,19.8,28.4,5.915357,,,7.2,74.0,57.0,193.0,150.0,88.8,422.21
2018-10-04,,,,,,,,,,,,,,,,4.15,4.71,,,,,,,
2018-10-11,,,,,,,,,,,,,,,,4.29,4.9,,,,,,,
2018-10-18,,,,,,,,,,,,,,,,4.26,4.85,,,,,,,
2018-10-25,,,,,,,,,,,,,,,,4.29,4.86,,,,,,,
2018-11-01,1131.0,323.968,,,58.5,9.1,11.7,5.0,8.8,91.2,31.3,49.3,13.1,21.4,,4.23,4.83,6.4,75.0,60.0,228.0,194.0,,
2018-11-08,,,,,,,,,,,,,,,,4.33,4.94,,,,,,,
2018-11-15,,,,,,,,,,,,,,,,4.36,4.94,,,,,,,
2018-11-21,,,,,,,,,,,,,,,,4.24,4.81,,,,,,,
2018-11-29,,,,,,,,,,,,,,,,4.25,4.81,,,,,,,
2018-12-01,1053.0,324.815,,,52.6,5.5,7.9,3.9,7.7,76.0,32.1,44.6,11.2,15.9,,,,7.6,74.0,69.0,214.0,169.0,,
2018-12-06,,,,,,,,,,,,,,,,4.21,4.75,,,,,,,
2018-12-13,,,,,,,,,,,,,,,,4.07,4.63,,,,,,,
2018-12-20,,,,,,,,,,,,,,,,4.07,4.62,,,,,,,
2018-12-27,,,,,,,,,,,,,,,,4.01,4.55,,,,,,,
2019-01-01,1247.0,325.597,2.69,,64.1,5.8,7.0,4.7,9.3,87.0,39.5,51.4,14.2,19.4,5.841685,,,7.0,76.0,59.0,236.0,154.0,82.32,426.96
2019-01-03,,,,,,,,,,,,,,,,3.99,4.51,,,,,,,
2019-01-10,,,,,,,,,,,,,,,,3.89,4.45,,,,,,,
2019-01-17,,,,,,,,,,,,,,,,3.88,4.45,,,,,,,
2019-01-24,,,,,,,,,,,,,,,,3.88,4.45,,,,,,,
2019-01-31,,,,,,,,,,,,,,,,3.89,4.46,,,,,,,
2019-02-01,1304.0,326.351,,,54.8,5.0,8.5,2.2,5.4,80.0,35.2,48.3,12.3,17.9,,,,6.3,75.0,58.0,258.0,181.0,,
2019-02-07,,,,,,,,,,,,,,,,3.84,4.41,,,,,,,
2019-02-14,,,,,,,,,,,,,,,,3.81,4.37,,,,,,,
2019-02-21,,,,,,,,,,,,,,,,3.78,4.35,,,,,,,
2019-02-28,,,,,,,,,,,,,,,,3.77,4.35,,,,,,,
2019-03-01,1313.0,327.513,,,69.7,6.9,9.2,4.2,6.3,98.2,42.0,55.6,16.6,27.1,,,,5.6,77.0,57.0,287.0,181.0,,
2019-03-07,,,,,,,,,,,,,,,,3.83,4.41,,,,,,,
2019-03-14,,,,,,,,,,,,,,,,3.76,4.31,,,,,,,
2019-03-21,,,,,,,,,,,,,,,,3.71,4.28,,,,,,,
2019-03-28,,,,,,,,,,,,,,,,3.57,4.06,,,,,,,
2019-04-01,1308.0,328.678,2.6,,81.6,11.4,15.3,6.0,11.6,116.6,42.5,59.6,21.7,30.1,5.933358,,,5.7,77.0,54.0,277.0,192.0,132.99,434.1
2019-04-04,,,,,,,,,,,,,,,,3.56,4.08,,,,,,,
2019-04-11,,,,,,,,,,,,,,,,3.6,4.12,,,,,,,
2019-04-18,,,,,,,,,,,,,,,,3.62,4.17,,,,,,,
2019-04-25,,,,,,,,,,,,,,,,3.64,4.2,,,,,,,
2019-05-01,1221.0,329.333,,,77.6,11.8,16.0,4.6,7.9,118.1,44.4,65.3,16.9,29.0,,,,6.5,79.0,55.0,254.0,155.0,,
2019-05-02,,,,,,,,,,,,,,,,3.6,4.14,,,,,,,
2019-05-09,,,,,,,,,,,,,,,,3.57,4.1,,,,,,,
2019-05-16,,,,,,,,,,,,,,,,3.53,4.07,,,,,,,
2019-05-23,,,,,,,,,,,,,,,,3.51,4.06,,,,,,,
2019-05-30,,,,,,,,,,,,,,,,3.46,3.99,,,,,,,
2019-06-01,1178.0,330.648,,,82.9,13.0,18.2,4.7,10.2,115.1,44.2,57.4,21.1,29.3,,,,5.4,79.0,53.0,269.0,240.0,,
2019-06-06,,,,,,,,,,,,,,,,3.28,3.82,,,,,,,
2019-06-13,,,,,,,,,,,,,,,,3.26,3.82,,,,,,,
2019-06-20,,,,,,,,,,,,,,,,3.25,3.84,,,,,,,
2019-06-27,,,,,,,,,,,,,,,,3.16,3.73,,,,,,,
2019-07-01,1215.0,331.605,2.44,,83.8,12.9,17.4,6.2,9.5,114.2,43.3,57.2,21.4,30.1,5.897151,,,6.1,80.0,53.0,242.0,178.0,144.41,439.63
2019-07-03,,,,,,,,,,,,,,,,3.18,3.75,,,,,,,
2019-07-11,,,,,,,,,,,,,,,,3.22,3.75,,,,,,,
2019-07-18,,,,,,,,,,,,,,,,3.23,3.81,,,,,,,
2019-07-25,,,,,,,,,,,,,,,,3.18,3.75,,,,,,,
2019-08-01,1313.0,332.638,,,80.9,12.3,17.4,5.6,14.8,121.0,42.3,61.8,20.7,27.0,,3.2,3.75,5.5,79.0,53.0,287.0,200.0,,
2019-08-08,,,,,,,,,,,,,,,,3.05,3.6,,,,,,,
2019-08-15,,,,,,,,,,,,,,,,3.07,3.6,,,,,,,
2019-08-22,,,,,,,,,,,,,,,,3.03,3.55,,,,,,,
2019-08-29,,,,,,,,,,,,,,,,3.06,3.58,,,,,,,
2019-09-01,1154.0,333.834,,,78.6,11.4,15.3,5.6,10.7,113.2,44.0,60.2,17.7,27.0,,,,5.4,78.0,51.0,259.0,217.0,,
2019-09-05,,,,,,,,,,,,,,,,3.0,3.49,,,,,,,
2019-09-12,,,,,,,,,,,,,,,,3.09,3.56,,,,,,,
2019-09-19,,,,,,,,,,,,,,,,3.21,3.73,,,,,,,
2019-09-26,,,,,,,,,,,,,,,,3.16,3.64,,,,,,,
2019-10-01,1289.0,334.68,2.34,,76.8,11.6,17.1,3.8,10.6,114.8,42.7,56.8,18.6,30.2,5.918276,,,5.3,77.0,52.0,272.0,198.0,169.06,443.54
2019-10-03,,,,,,,,,,,,,,,,3.14,3.65,,,,,,,
2019-10-10,,,,,,,,,,,,,,,,3.05,3.57,,,,,,,
2019-10-17,,,,,,,,,,,,,,,,3.15,3.69,,,,,,,
2019-10-24,,,,,,,,,,,,,,,,3.18,3.75,,,,,,,
2019-10-31,,,,,,,,,,,,,,,,3.19,3.78,,,,,,,
2019-11-01,1266.0,335.819,,,68.0,8.8,13.7,5.2,8.5,103.4,36.4,55.0,17.6,26.1,,,,5.4,76.0,55.0,284.0,185.0,,
2019-11-07,,,,,,,,,,,,,,,,3.13,3.69,,,,,,,
2019-11-14,,,,,,,,,,,,,,,,3.2,3.75,,,,,,,
2019-11-21,,,,,,,,,,,,,,,,3.15,3.66,,,,,,,
2019-11-27,,,,,,,,,,,,,,,,3.15,3.68,,,,,,,
2019-12-01,1308.0,336.789,,,68.9,8.9,14.2,4.4,9.9,108.3,40.5,56.3,15.2,27.9,,,,5.5,77.0,55.0,252.0,211.0,,
2019-12-05,,,,,,,,,,,,,,,,3.14,3.68,,,,,,,
2019-12-12,,,,,,,,,,,,,,,,3.19,3.73,,,,,,,
2019-12-19,,,,,,,,,,,,,,,,3.19,3.73,,,,,,,
2019-12-26,,,,,,,,,,,,,,,,3.19,3.74,,,,,,,
2020-01-01,1308.0,337.825,2.35,,67.4,6.6,9.0,4.0,15.1,113.1,38.7,58.7,18.1,30.3,5.916119,,,5.7,76.0,55.0,248.0,190.0,132.45,448.69
2020-01-02,,,,,,,,,,,,,,,,3.16,3.72,,,,,,,
2020-01-09,,,,,,,,,,,,,,,,3.07,3.64,,,,,,,
2020-01-16,,,,,,,,,,,,,,,,3.09,3.65,,,,,,,
2020-01-23,,,,,,,,,,,,,,,,3.04,3.6,,,,,,,
2020-01-30,,,,,,,,,,,,,,,,3.0,3.51,,,,,,,
2020-02-01,1237.0,338.616,,,73.0,6.8,10.8,3.2,7.5,111.6,46.9,66.3,16.1,27.0,,,,5.6,77.0,53.0,273.0,193.0,,
2020-02-06,,,,,,,,,,,,,,,,2.97,3.45,,,,,,,
2020-02-13,,,,,,,,,,,,,,,,2.97,3.47,,,,,,,
2020-02-20,,,,,,,,,,,,,,,,2.99,3.49,,,,,,,
2020-02-27,,,,,,,,,,,,,,,,2.95,3.45,,,,,,,
2020-03-01,1237.0,339.519,,,74.0,7.8,11.3,4.3,6.3,104.5,41.0,60.2,20.8,26.6,,,,6.4,76.0,58.0,263.0,151.0,,
2020-03-05,,,,,,,,,,,,,,,,2.79,3.29,,,,,,,
2020-03-12,,,,,,,,,,,,,,,,2.77,3.36,,,,,,,
2020-03-19,,,,,,,,,,,,,,,,3.06,3.65,,,,,,,
2020-03-26,,,,,,,,,,,,,,,,2.92,3.5,,,,,,,
2020-04-01,1181.0,340.135,2.54,,63.1,9.5,12.4,2.1,4.4,84.9,37.9,51.3,13.7,16.7,5.028352,,,6.8,78.0,59.0,234.0,111.0,156.84,453.22
2020-04-02,,,,,,,,,,,,,,,,2.82,3.33,,,,,,,
2020-04-09,,,,,,,,,,,,,,,,2.77,3.33,,,,,,,
2020-04-16,,,,,,,,,,,,,,,,2.8,3.31,,,,,,,
2020-04-23,,,,,,,,,,,,,,,,2.86,3.33,,,,,,,
2020-04-30,,,,,,,,,,,,,,,,2.77,3.23,,,,,,,
2020-05-01,1174.0,340.811,,,67.5,10.4,14.4,3.1,6.2,95.1,36.3,45.7,17.7,28.8,,,,5.3,74.0,62.0,289.0,153.0,,
2020-05-07,,,,,,,,,,,,,,,,2.73,3.26,,,,,,,
2020-05-14,,,,,,,,,,,,,,,,2.72,3.28,,,,,,,
2020-05-21,,,,,,,,,,,,,,,,2.7,3.24,,,,,,,
2020-05-28,,,,,,,,,,,,,,,,2.62,3.15,,,,,,,
2020-06-01,1229.0,341.294,,,86.8,14.4,20.7,7.8,11.2,118.8,45.4,59.5,19.2,27.3,,,,4.0,66.0,57.0,344.0,278.0,,
2020-06-04,,,,,,,,,,,,,,,,2.62,3.18,,,,,,,
2020-06-11,,,,,,,,,,,,,,,,2.62,3.21,,,,,,,
2020-06-18,,,,,,,,,,,,,,,,2.58,3.13,,,,,,,
2020-06-25,,,,,,,,,,,,,,,,2.59,3.13,,,,,,,
2020-07-01,1309.0,341.95,2.83,,93.9,14.1,20.7,7.5,12.8,138.7,51.2,76.3,21.0,28.8,5.217013,,,3.5,58.0,57.0,349.0,279.0,179.45,461.22
2020-07-02,,,,,,,,,,,,,,,,2.56,3.07,,,,,,,
2020-07-09,,,,,,,,,,,,,,,,2.51,3.03,,,,,,,
2020-07-16,,,,,,,,,,,,,,,,2.48,2.98,,,,,,,
2020-07-23,,,,,,,,,,,,,,,,2.54,3.01,,,,,,,
2020-07-30,,,,,,,,,,,,,,,,2.51,2.99,,,,,,,
2020-08-01,1263.0,342.444,,,92.3,15.2,22.3,5.3,7.7,122.5,48.6,61.8,23.2,30.7,,,,3.4,52.0,59.0,297.0,311.0,,
2020-08-06,,,,,,,,,,,,,,,,2.44,2.88,,,,,,,
2020-08-13,,,,,,,,,,,,,,,,2.46,2.96,,,,,,,
2020-08-20,,,,,,,,,,,,,,,,2.54,2.99,,,,,,,
2020-08-27,,,,,,,,,,,,,,,,2.46,2.91,,,,,,,
2020-09-01,1437.0,342.91,,,95.1,12.2,19.8,6.2,11.5,126.3,54.0,64.8,22.6,30.3,,,,3.5,46.0,61.0,315.0,328.0,,
2020-09-03,,,,,,,,,,,,,,,,2.42,2.93,,,,,,,
2020-09-10,,,,,,,,,,,,,,,,2.37,2.86,,,,,,,
2020-09-17,,,,,,,,,,,,,,,,2.35,2.87,,,,,,,
2020-09-24,,,,,,,,,,,,,,,,2.4,2.9,,,,,,,
2020-10-01,1395.0,343.615,2.75,,100.2,15.5,20.4,5.4,7.8,131.2,55.2,70.4,24.1,32.7,5.399922,2.36,2.88,3.3,42.0,59.0,287.0,330.0,175.91,471.32
2020-10-08,,,,,,,,,,,,,,,,2.37,2.87,,,,,,,
2020-10-15,,,,,,,,,,,,,,,,2.35,2.81,,,,,,,
2020-10-22,,,,,,,,,,,,,,,,2.33,2.8,,,,,,,
2020-10-29,,,,,,,,,,,,,,,,2.32,2.81,,,,,,,
2020-11-01,1261.0,344.039,,,87.5,10.5,15.0,5.6,11.5,117.8,48.0,60.0,23.4,31.2,,,,3.9,41.0,64.0,223.0,304.0,,
2020-11-05,,,,,,,,,,,,,,,,2.32,2.78,,,,,,,
2020-11-12,,,,,,,,,,,,,,,,2.34,2.84,,,,,,,
2020-11-19,,,,,,,,,,,,,,,,2.28,2.72,,,,,,,
2020-11-25,,,,,,,,,,,,,,,,2.28,2.72,,,,,,,
2020-12-01,1374.0,344.455,,,89.7,12.7,14.7,5.7,9.5,115.1,49.8,60.4,21.5,30.4,,,,4.1,40.0,68.0,233.0,262.0,,
2020-12-03,,,,,,,,,,,,,,,,2.26,2.71,,,,,,,
2020-12-10,,,,,,,,,,,,,,,,2.26,2.71,,,,,,,
2020-12-17,,,,,,,,,,,,,,,,2.21,2.67,,,,,,,
2020-12-24,,,,,,,,,,,,,,,,2.19,2.66,,,,,,,
2020-12-31,,,,,,,,,,,,,,,,2.17,2.67,,,,,,,
2021-01-01,1379.0,344.758,2.68,,77.9,7.8,11.3,5.0,14.7,115.2,47.6,60.7,17.5,28.5,4.761378,,,4.1,40.0,75.0,234.0,279.0,197.64,482.74
2021-01-07,,,,,,,,,,,,,,,,2.16,2.65,,,,,,,
2021-01-14,,,,,,,,,,,,,,,,2.23,2.79,,,,,,,
2021-01-21,,,,,,,,,,,,,,,,2.21,2.77,,,,,,,
2021-01-28,,,,,,,,,,,,,,,,2.2,2.73,,,,,,,
2021-02-01,1299.0,345.242,,,74.6,5.1,7.1,3.4,6.3,102.1,43.8,57.6,22.4,31.1,,,,4.8,39.0,80.0,199.0,259.0,,
2021-02-04,,,,,,,,,,,,,,,,2.21,2.73,,,,,,,
2021-02-11,,,,,,,,,,,,,,,,2.19,2.73,,,,,,,
2021-02-18,,,,,,,,,,,,,,,,2.21,2.81,,,,,,,
2021-02-25,,,,,,,,,,,,,,,,2.34,2.97,,,,,,,
2021-03-01,1435.0,345.717,,,102.8,14.7,20.4,7.2,12.8,140.6,58.0,75.3,22.9,32.1,,,,4.3,34.0,78.0,229.0,264.0,,
2021-03-04,,,,,,,,,,,,,,,,2.34,3.02,,,,,,,
2021-03-11,,,,,,,,,,,,,,,,2.38,3.05,,,,,,,
2021-03-18,,,,,,,,,,,,,,,,2.4,3.09,,,,,,,
2021-03-25,,,,,,,,,,,,,,,,2.45,3.17,,,,,,,
2021-04-01,1403.0,346.267,2.48,,97.2,13.1,16.1,6.7,13.8,135.5,53.2,70.1,24.3,35.5,5.199057,2.45,3.18,4.6,33.0,85.0,209.0,263.0,214.47,509.53
2021-04-08,,,,,,,,,,,,,,,,2.42,3.13,,,,,,,
2021-04-15,,,,,,,,,,,,,,,,2.35,3.04,,,,,,,
2021-04-22,,,,,,,,,,,,,,,,2.29,2.97,,,,,,,
2021-04-29,,,,,,,,,,,,,,,,2.31,2.98,,,,,,,
2021-05-01,1337.0,347.016,,,100.5,17.6,26.6,5.6,12.5,145.7,52.5,71.9,24.9,34.6,,,,5.5,33.0,90.0,172.0,244.0,,
2021-05-06,,,,,,,,,,,,,,,,2.3,2.96,,,,,,,
2021-05-13,,,,,,,,,,,,,,,,2.26,2.94,,,,,,,
2021-05-20,,,,,,,,,,,,,,,,2.29,3.0,,,,,,,
2021-05-27,,,,,,,,,,,,,,,,2.27,2.95,,,,,,,
2021-06-01,1280.0,347.833,,,111.6,13.8,19.6,8.5,14.4,154.3,61.9,79.5,27.4,40.9,,,,6.0,34.0,96.0,172.0,193.0,,
2021-06-03,,,,,,,,,,,,,,,,2.27,2.99,,,,,,,
2021-06-10,,,,,,,,,,,,,,,,2.23,2.96,,,,,,,
2021-06-17,,,,,,,,,,,,,,,,2.24,2.93,,,,,,,
2021-06-24,,,,,,,,,,,,,,,,2.34,3.02,,,,,,,
2021-07-01,1365.0,348.469,2.3,,104.6,15.1,18.5,4.3,6.7,143.9,61.0,81.3,24.1,37.6,5.293414,2.26,2.98,6.0,32.0,97.0,195.0,200.0,218.5,537.9
2021-07-08,,,,,,,,,,,,,,,,2.2,2.9,,,,,,,
2021-07-15,,,,,,,,,,,,,,,,2.22,2.88,,,,,,,
2021-07-22,,,,,,,,,,,,,,,,2.12,2.78,,,,,,,
2021-07-29,,,,,,,,,,,,,,,,2.1,2.8,,,,,,,
2021-08-01,1329.0,349.71,,,98.0,12.3,18.1,6.1,14.6,140.0,59.9,78.1,19.8,29.2,,,,6.6,34.0,96.0,163.0,188.0,,
2021-08-05,,,,,,,,,,,,,,,,2.1,2.77,,,,,,,
2021-08-12,,,,,,,,,,,,,,,,2.15,2.87,,,,,,,
2021-08-19,,,,,,,,,,,,,,,,2.16,2.86,,,,,,,
2021-08-26,,,,,,,,,,,,,,,,2.17,2.87,,,,,,,
2021-09-01,1232.0,351.255,,,93.5,12.6,19.0,6.4,11.6,135.2,52.0,68.3,22.6,36.2,,,,6.2,34.0,96.0,197.0,184.0,,
2021-09-02,,,,,,,,,,,,,,,,2.18,2.87,,,,,,,
2021-09-09,,,,,,,,,,,,,,,,2.19,2.88,,,,,,,
2021-09-16,,,,,,,,,,,,,,,,2.12,2.86,,,,,,,
2021-09-23,,,,,,,,,,,,,,,,2.15,2.88,,,,,,,
2021-09-30,,,,,,,,,,,,,,,,2.28,3.01,,,,,,,
2021-10-01,1300.0,352.892,2.29,,91.6,13.0,20.2,4.8,10.0,133.6,51.1,67.8,22.8,35.5,5.429527,,,6.8,35.0,96.0,179.0,184.0,217.53,556.24
2021-10-07,,,,,,,,,,,,,,,,2.23,2.99,,,,,,,
2021-10-14,,,,,,,,,,,,,,,,2.3,3.05,,,,,,,
2021-10-21,,,,,,,,,,,,,,,,2.33,3.09,,,,,,,
2021-10-28,,,,,,,,,,,,,,,,2.37,3.14,,,,,,,
2021-11-01,1397.0,354.526,,,91.2,10.6,17.0,5.0,9.1,130.8,53.7,71.7,21.9,33.0,,,,5.9,34.0,95.0,188.0,190.0,,
2021-11-04,,,,,,,,,,,,,,,,2.35,3.09,,,,,,,
2021-11-10,,,,,,,,,,,,,,,,2.27,2.98,,,,,,,
2021-11-18,,,,,,,,,,,,,,,,2.39,3.1,,,,,,,
2021-11-24,,,,,,,,,,,,,,,,2.42,3.1,,,,,,,
2021-12-01,1331.0,355.931,,,83.4,12.4,21.5,4.8,10.0,124.2,49.0,66.0,17.2,26.7,,,,5.6,32.0,91.0,206.0,175.0,,
2021-12-02,,,,,,,,,,,,,,,,2.39,3.11,,,,,,,
2021-12-09,,,,,,,,,,,,,,,,2.38,3.1,,,,,,,
2021-12-16,,,,,,,,,,,,,,,,2.34,3.12,,,,,,,
2021-12-23,,,,,,,,,,,,,,,,2.3,3.05,,,,,,,
2021-12-30,,,,,,,,,,,,,,,,2.33,3.11,,,,,,,
2022-01-01,1285.0,357.737,2.09,,81.6,6.9,11.0,3.1,7.4,121.0,49.5,69.5,22.2,33.0,5.628293,,,5.8,32.0,94.0,193.0,203.0,152.48,576.53
2022-01-06,,,,,,,,,,,,,,,,2.43,3.22,,,,,,,
2022-01-13,,,,,,,,,,,,,,,,2.62,3.45,,,,,,,
2022-01-20,,,,,,,,,,,,,,,,2.79,3.56,,,,,,,
2022-01-27,,,,,,,,,,,,,,,,2.8,3.55,,,,,,,
2022-02-01,1342.0,359.627,,,85.0,7.5,13.2,3.6,8.2,126.1,51.9,75.1,22.0,29.7,,,,6.0,31.0,94.0,199.0,172.0,,
2022-02-03,,,,,,,,,,,,,,,,2.77,3.55,,,,,,,
2022-02-10,,,,,,,,,,,,,,,,2.93,3.69,,,,,,,
2022-02-17,,,,,,,,,,,,,,,,3.15,3.92,,,,,,,
2022-02-24,,,,,,,,,,,,,,,,3.14,3.89,,,,,,,
2022-03-01,1328.0,361.083,,,100.1,11.1,17.5,5.0,16.8,142.6,58.7,72.7,25.3,35.6,,,,6.8,32.0,98.0,177.0,164.0,,
2022-03-03,,,,,,,,,,,,,,,,3.01,3.76,,,,,,,
2022-03-10,,,,,,,,,,,,,,,,3.09,3.85,,,,,,,
2022-03-17,,,,,,,,,,,,,,,,3.39,4.16,,,,,,,
2022-03-24,,,,,,,,,,,,,,,,3.63,4.42,,,,,,,
2022-03-31,,,,,,,,,,,,,,,,3.83,4.67,,,,,,,
2022-04-01,1344.0,362.951,1.96,,109.7,14.1,19.7,4.8,11.8,164.3,62.9,92.7,27.9,40.0,5.69304,,,8.3,34.0,101.0,167.0,135.0,149.77,613.79
2022-04-07,,,,,,,,,,,,,,,,3.91,4.72,,,,,,,
2022-04-14,,,,,,,,,,,,,,,,4.17,5.0,,,,,,,
2022-04-21,,,,,,,,,,,,,,,,4.38,5.11,,,,,,,
2022-04-28,,,,,,,,,,,,,,,,4.4,5.1,,,,,,,
2022-05-01,1427.0,365.116,,,96.7,15.0,23.0,4.9,11.7,140.6,54.9,76.0,21.9,29.9,,,,8.2,36.0,97.0,187.0,114.0,,
2022-05-05,,,,,,,,,,,,,,,,4.52,5.27,,,,,,,
2022-05-12,,,,,,,,,,,,,,,,4.48,5.3,,,,,,,
2022-05-19,,,,,,,,,,,,,,,,4.43,5.25,,,,,,,
2022-05-26,,,,,,,,,,,,,,,,4.31,5.1,,,,,,,
2022-06-01,1369.0,367.927,,,96.9,15.0,20.7,4.8,11.6,144.9,57.6,79.7,19.5,33.1,,,,9.7,38.0,95.0,177.0,110.0,,
2022-06-02,,,,,,,,,,,,,,,,4.32,5.09,,,,,,,
2022-06-09,,,,,,,,,,,,,,,,4.38,5.23,,,,,,,
2022-06-16,,,,,,,,,,,,,,,,4.81,5.78,,,,,,,
2022-06-23,,,,,,,,,,,,,,,,4.92,5.81,,,,,,,
2022-06-30,,,,,,,,,,,,,,,,4.83,5.7,,,,,,,
2022-07-01,1421.0,370.448,1.84,,83.2,10.8,15.5,7.5,15.6,123.7,46.0,62.5,18.9,30.0,5.578758,,,10.6,42.0,98.0,163.0,129.0,107.79,623.31
2022-07-07,,,,,,,,,,,,,,,,4.45,5.3,,,,,,,
2022-07-14,,,,,,,,,,,,,,,,4.67,5.51,,,,,,,
2022-07-21,,,,,,,,,,,,,,,,4.75,5.54,,,,,,,
2022-07-28,,,,,,,,,,,,,,,,4.58,5.3,,,,,,,
2022-08-01,1367.0,373.283,,,82.4,12.2,17.2,5.4,15.9,134.5,44.9,69.5,19.9,31.8,,,,8.7,45.0,98.0,249.0,100.0,,
2022-08-04,,,,,,,,,,,,,,,,4.26,4.99,,,,,,,
2022-08-11,,,,,,,,,,,,,,,,4.59,5.22,,,,,,,
2022-08-18,,,,,,,,,,,,,,,,4.55,5.13,,,,,,,
2022-08-25,,,,,,,,,,,,,,,,4.85,5.55,,,,,,,
2022-09-01,1433.0,376.569,,,76.1,11.6,19.3,5.6,13.5,127.5,42.7,62.9,16.2,31.8,,4.98,5.66,10.1,54.0,97.0,205.0,74.0,,
2022-09-08,,,,,,,,,,,,,,,,5.16,5.89,,,,,,,
2022-09-15,,,,,,,,,,,,,,,,5.21,6.02,,,,,,,
2022-09-22,,,,,,,,,,,,,,,,5.44,6.29,,,,,,,
2022-09-29,,,,,,,,,,,,,,,,5.96,6.7,,,,,,,
2022-10-01,1398.0,379.436,1.79,,72.4,13.1,21.9,4.5,8.1,121.6,41.8,65.2,13.0,26.4,5.623595,,,9.7,59.0,100.0,230.0,78.0,72.16,616.89
2022-10-06,,,,,,,,,,,,,,,,5.9,6.66,,,,,,,
2022-10-13,,,,,,,,,,,,,,,,6.09,6.92,,,,,,,
2022-10-20,,,,,,,,,,,,,,,,6.23,6.94,,,,,,,
2022-10-27,,,,,,,,,,,,,,,,6.36,7.08,,,,,,,
2022-11-01,1552.0,382.562,,,59.9,7.2,19.0,5.3,7.2,111.1,34.5,57.1,13.0,27.8,,,,9.2,63.0,97.0,234.0,89.0,,
2022-11-03,,,,,,,,,,,,,,,,6.29,6.95,,,,,,,
2022-11-10,,,,,,,,,,,,,,,,6.38,7.08,,,,,,,
2022-11-17,,,,,,,,,,,,,,,,5.98,6.61,,,,,,,
2022-11-23,,,,,,,,,,,,,,,,5.9,6.58,,,,,,,
2022-12-01,1396.0,385.649,,,61.1,5.4,7.8,8.6,14.2,94.7,35.8,51.2,11.3,21.4,,5.76,6.49,8.7,67.0,92.0,257.0,81.0,,
2022-12-08,,,,,,,,,,,,,,,,5.67,6.33,,,,,,,
2022-12-15,,,,,,,,,,,,,,,,5.54,6.31,,,,,,,
2022-12-22,,,,,,,,,,,,,,,,5.69,6.27,,,,,,,
2022-12-29,,,,,,,,,,,,,,,,5.68,6.42,,,,,,,
2023-01-01,1390.0,388.372,1.74,,57.9,4.7,7.1,3.7,8.8,97.7,40.2,59.6,9.2,22.2,5.578404,,,8.1,69.0,86.0,282.0,97.0,46.51,620.53
2023-01-05,,,,,,,,,,,,,,,,5.73,6.48,,,,,,,
2023-01-12,,,,,,,,,,,,,,,,5.52,6.33,,,,,,,
2023-01-19,,,,,,,,,,,,,,,,5.28,6.15,,,,,,,
2023-01-26,,,,,,,,,,,,,,,,5.17,6.13,,,,,,,
2023-02-01,1536.0,391.141,,,58.9,4.1,11.5,3.6,6.2,103.2,39.1,59.5,12.1,25.9,,,,8.2,70.0,90.0,271.0,101.0,,
2023-02-02,,,,,,,,,,,,,,,,5.14,6.09,,,,,,,
2023-02-09,,,,,,,,,,,,,,,,5.25,6.12,,,,,,,
2023-02-16,,,,,,,,,,,,,,,,5.51,6.32,,,,,,,
2023-02-23,,,,,,,,,,,,,,,,5.76,6.5,,,,,,,
2023-03-01,1495.0,392.91,,,71.4,8.3,9.8,5.4,14.7,114.0,46.7,69.9,11.1,19.6,,,,7.9,70.0,90.0,265.0,100.0,,
2023-03-02,,,,,,,,,,,,,,,,5.89,6.65,,,,,,,
2023-03-09,,,,,,,,,,,,,,,,5.95,6.73,,,,,,,
2023-03-16,,,,,,,,,,,,,,,,5.9,6.6,,,,,,,
2023-03-23,,,,,,,,,,,,,,,,5.68,6.42,,,,,,,
2023-03-30,,,,,,,,,,,,,,,,5.56,6.32,,,,,,,
2023-04-01,1425.0,394.898,1.72,,78.8,8.4,15.5,5.3,10.9,121.7,45.9,66.7,19.3,28.5,5.540141,,,7.7,69.0,92.0,281.0,102.0,61.1,638.74
2023-04-06,,,,,,,,,,,,,,,,5.64,6.28,,,,,,,
2023-04-13,,,,,,,,,,,,,,,,5.54,6.27,,,,,,,
2023-04-20,,,,,,,,,,,,,,,,5.76,6.39,,,,,,,
2023-04-27,,,,,,,,,,,,,,,,5.71,6.43,,,,,,,
2023-05-01,1503.0,396.726,,,92.6,15.0,26.3,5.5,8.8,146.0,54.6,79.3,17.4,31.6,,,,6.9,65.0,91.0,327.0,107.0,,
2023-05-04,,,,,,,,,,,,,,,,5.76,6.39,,,,,,,
2023-05-11,,,,,,,,,,,,,,,,5.75,6.35,,,,,,,
2023-05-18,,,,,,,,,,,,,,,,5.75,6.39,,,,,,,
2023-05-25,,,,,,,,,,,,,,,,5.97,6.57,,,,,,,
2023-06-01,1464.0,398.593,,,89.8,11.9,16.8,5.8,9.2,132.6,52.9,75.3,19.2,31.3,,6.18,6.79,7.7,69.0,93.0,277.0,117.0,,
2023-06-08,,,,,,,,,,,,,,,,6.07,6.71,,,,,,,
2023-06-15,,,,,,,,,,,,,,,,6.1,6.69,,,,,,,
2023-06-22,,,,,,,,,,,,,,,,6.03,6.67,,,,,,,
2023-06-29,,,,,,,,,,,,,,,,6.06,6.71,,,,,,,
2023-07-01,1352.0,400.21,1.72,,91.9,12.7,17.1,6.2,10.3,131.4,49.5,69.2,23.5,34.8,5.616197,,,7.3,70.0,94.0,279.0,97.0,59.28,649.43
2023-07-06,,,,,,,,,,,,,,,,6.24,6.81,,,,,,,
2023-07-13,,,,,,,,,,,,,,,,6.3,6.96,,,,,,,
2023-07-20,,,,,,,,,,,,,,,,6.06,6.78,,,,,,,
2023-07-27,,,,,,,,,,,,,,,,6.11,6.81,,,,,,,
2023-08-01,1363.0,402.247,,,84.6,10.4,14.9,5.1,11.3,115.8,51.5,64.2,17.6,25.4,,,,8.0,72.0,95.0,244.0,119.0,,
2023-08-03,,,,,,,,,,,,,,,,6.25,6.9,,,,,,,
2023-08-10,,,,,,,,,,,,,,,,6.34,6.96,,,,,,,
2023-08-17,,,,,,,,,,,,,,,,6.46,7.09,,,,,,,
2023-08-24,,,,,,,,,,,,,,,,6.55,7.23,,,,,,,
2023-08-31,,,,,,,,,,,,,,,,6.55,7.18,,,,,,,
2023-09-01,1471.0,404.487,,,82.8,11.1,17.6,4.7,7.6,117.0,49.1,66.7,17.9,25.1,,,,7.7,74.0,99.0,263.0,99.0,,
2023-09-07,,,,,,,,,,,,,,,,6.52,7.12,,,,,,,
2023-09-14,,,,,,,,,,,,,,,,6.51,7.18,,,,,,,
2023-09-21,,,,,,,,,,,,,,,,6.54,7.19,,,,,,,
2023-09-28,,,,,,,,,,,,,,,,6.72,7.31,,,,,,,
2023-10-01,1394.0,406.683,1.7,,81.2,11.5,19.9,5.1,6.7,115.1,44.1,59.3,20.5,29.2,5.635992,,,7.8,74.0,101.0,284.0,119.0,45.5,649.87
2023-10-05,,,,,,,,,,,,,,,,6.78,7.49,,,,,,,
2023-10-12,,,,,,,,,,,,,,,,6.89,7.57,,,,,,,
2023-10-19,,,,,,,,,,,,,,,,6.92,7.63,,,,,,,
2023-10-26,,,,,,,,,,,,,,,,7.03,7.79,,,,,,,
2023-11-01,1460.0,408.838,,,84.9,12.6,15.5,6.4,11.1,116.5,46.6,62.0,19.4,28.0,,,,8.8,76.0,98.0,282.0,87.0,,
2023-11-02,,,,,,,,,,,,,,,,7.03,7.76,,,,,,,
2023-11-09,,,,,,,,,,,,,,,,6.81,7.5,,,,,,,
2023-11-16,,,,,,,,,,,,,,,,6.76,7.44,,,,,,,
2023-11-22,,,,,,,,,,,,,,,,6.67,7.29,,,,,,,
2023-11-30,,,,,,,,,,,,,,,,6.56,7.22,,,,,,,
2023-12-01,1575.0,410.606,,,72.8,7.3,12.9,4.0,9.1,108.9,44.0,60.4,17.6,26.5,,,,8.4,82.0,99.0,274.0,93.0,,
2023-12-07,,,,,,,,,,,,,,,,6.29,7.03,,,,,,,
2023-12-14,,,,,,,,,,,,,,,,6.38,6.95,,,,,,,
2023-12-21,,,,,,,,,,,,,,,,5.95,6.67,,,,,,,
2023-12-28,,,,,,,,,,,,,,,,5.93,6.61,,,,,,,
2024-01-01,1500.0,412.019,1.71,,70.3,5.2,7.2,4.6,9.4,97.9,43.8,57.0,16.8,24.3,5.662509,,,8.1,82.0,98.0,299.0,121.0,43.33,659.33
2024-01-04,,,,,,,,,,,,,,,,5.89,6.62,,,,,,,
2024-01-11,,,,,,,,,,,,,,,,5.87,6.66,,,,,,,
2024-01-18,,,,,,,,,,,,,,,,5.76,6.6,,,,,,,
2024-01-25,,,,,,,,,,,,,,,,5.96,6.69,,,,,,,
2024-02-01,1674.0,413.695,,,82.2,7.3,14.0,4.7,7.5,113.7,53.3,68.2,16.8,24.0,,5.94,6.63,8.4,88.0,94.0,287.0,89.0,,
2024-02-08,,,,,,,,,,,,,,,,5.9,6.64,,,,,,,
2024-02-15,,,,,,,,,,,,,,,,6.12,6.77,,,,,,,
2024-02-22,,,,,,,,,,,,,,,,6.29,6.9,,,,,,,
2024-02-29,,,,,,,,,,,,,,,,6.26,6.94,,,,,,,
2024-03-01,1487.0,415.219,,,88.8,9.9,11.4,5.2,7.6,109.8,54.5,64.1,19.2,26.7,,,,8.1,88.0,91.0,334.0,96.0,,
2024-03-07,,,,,,,,,,,,,,,,6.22,6.88,,,,,,,
2024-03-14,,,,,,,,,,,,,,,,6.16,6.74,,,,,,,
2024-03-21,,,,,,,,,,,,,,,,6.21,6.87,,,,,,,
2024-03-28,,,,,,,,,,,,,,,,6.11,6.79,,,,,,,
2024-04-01,1662.0,416.386,1.73,,96.1,13.2,16.6,5.7,9.2,125.7,56.3,72.7,20.9,27.1,5.700892,,,7.7,89.0,89.0,371.0,105.0,59.64,675.22
2024-04-04,,,,,,,,,,,,,,,,6.06,6.82,,,,,,,
2024-04-11,,,,,,,,,,,,,,,,6.16,6.88,,,,,,,
2024-04-18,,,,,,,,,,,,,,,,6.39,7.1,,,,,,,
2024-04-25,,,,,,,,,,,,,,,,6.44,7.17,,,,,,,
2024-05-01,1561.0,417.772,,,91.6,11.6,15.3,6.4,9.1,120.9,51.9,66.6,21.7,29.9,,,,8.5,93.0,91.0,338.0,86.0,,
2024-05-02,,,,,,,,,,,,,,,,6.47,7.22,,,,,,,
2024-05-09,,,,,,,,,,,,,,,,6.38,7.09,,,,,,,
2024-05-16,,,,,,,,,,,,,,,,6.28,7.02,,,,,,,
2024-05-23,,,,,,,,,,,,,,,,6.24,6.94,,,,,,,
2024-05-30,,,,,,,,,,,,,,,,6.36,7.03,,,,,,,
2024-06-01,1731.0,418.82,,,93.3,11.9,17.0,6.5,10.8,123.6,55.8,68.8,19.1,27.0,,,,8.4,99.0,88.0,345.0,92.0,,
2024-06-06,,,,,,,,,,,,,,,,6.29,6.99,,,,,,,
2024-06-13,,,,,,,,,,,,,,,,6.17,6.95,,,,,,,
2024-06-20,,,,,,,,,,,,,,,,6.13,6.87,,,,,,,
2024-06-27,,,,,,,,,,,,,,,,6.16,6.86,,,,,,,
2024-07-01,1635.0,420.577,1.74,,80.9,13.3,17.8,6.0,16.0,115.3,41.7,56.5,19.9,25.0,5.744213,,,7.9,103.0,92.0,353.0,105.0,62.57,682.41
2024-07-03,,,,,,,,,,,,,,,,6.25,6.95,,,,,,,
2024-07-11,,,,,,,,,,,,,,,,6.17,6.89,,,,,,,
2024-07-18,,,,,,,,,,,,,,,,6.05,6.77,,,,,,,
2024-07-25,,,,,,,,,,,,,,,,6.07,6.78,,,,,,,
2024-08-01,1755.0,422.223,,,89.5,13.1,19.2,7.7,10.8,121.8,48.8,66.1,19.7,25.8,,5.99,6.73,8.2,105.0,93.0,391.0,86.0,,
2024-08-08,,,,,,,,,,,,,,,,5.63,6.47,,,,,,,
2024-08-15,,,,,,,,,,,,,,,,5.66,6.49,,,,,,,
2024-08-22,,,,,,,,,,,,,,,,5.62,6.46,,,,,,,
2024-08-29,,,,,,,,,,,,,,,,5.51,6.35,,,,,,,
2024-09-01,1671.0,423.821,,,89.4,12.3,16.3,8.5,14.7,116.1,49.6,61.1,19.0,24.1,,,,7.9,107.0,94.0,379.0,103.0,,
2024-09-05,,,,,,,,,,,,,,,,5.47,6.35,,,,,,,
2024-09-12,,,,,,,,,,,,,,,,5.27,6.2,,,,,,,
2024-09-19,,,,,,,,,,,,,,,,5.15,6.09,,,,,,,
2024-09-26,,,,,,,,,,,,,,,,5.16,6.08,,,,,,,
2024-10-01,1636.0,425.381,1.77,,79.6,14.3,24.0,5.6,9.6,115.1,41.4,54.2,18.3,27.3,5.689461,,,9.3,110.0,95.0,323.0,89.0,67.98,685.93
2024-10-03,,,,,,,,,,,,,,,,5.25,6.12,,,,,,,
2024-10-10,,,,,,,,,,,,,,,,5.41,6.32,,,,,,,
2024-10-17,,,,,,,,,,,,,,,,5.63,6.44,,,,,,,
2024-10-24,,,,,,,,,,,,,,,,5.71,6.54,,,,,,,
2024-10-31,,,,,,,,,,,,,,,,5.99,6.72,,,,,,,
2024-11-01,1618.0,426.651,,,76.4,10.2,13.1,4.8,10.2,99.2,45.5,53.9,15.8,22.0,,,,8.7,116.0,97.0,392.0,63.0,,
2024-11-07,,,,,,,,,,,,,,,,6.0,6.79,,,,,,,
2024-11-14,,,,,,,,,,,,,,,,5.99,6.78,,,,,,,
2024-11-21,,,,,,,,,,,,,,,,6.02,6.84,,,,,,,
2024-11-27,,,,,,,,,,,,,,,,6.1,6.81,,,,,,,
2024-12-01,1527.0,428.151,,,74.9,9.2,13.1,4.3,10.8,108.0,46.7,65.2,14.7,18.9,,,,8.2,112.0,98.0,398.0,89.0,,
2024-12-05,,,,,,,,,,,,,,,,5.96,6.69,,,,,,,
2024-12-12,,,,,,,,,,,,,,,,5.84,6.6,,,,,,,
2024-12-19,,,,,,,,,,,,,,,,5.92,6.72,,,,,,,
2024-12-26,,,,,,,,,,,,,,,,6.0,6.85,,,,,,,
2025-01-01,1651.0,429.506,1.78,,68.3,6.2,9.6,3.0,6.5,95.0,40.5,51.8,18.6,27.0,5.761894,,,9.0,114.0,100.0,347.0,71.0,50.58,691.36
2025-01-02,,,,,,,,,,,,,,,,6.13,6.91,,,,,,,
2025-01-09,,,,,,,,,,,,,,,,6.14,6.93,,,,,,,
2025-01-16,,,,,,,,,,,,,,,,6.27,7.04,,,,,,,
2025-01-23,,,,,,,,,,,,,,,,6.16,6.96,,,,,,,
2025-01-30,,,,,,,,,,,,,,,,6.12,6.95,,,,,,,
2025-02-01,1565.0,430.603,,,79.8,4.7,6.9,5.1,8.6,109.8,50.4,63.8,19.6,30.6,,,,9.3,113.0,96.0,354.0,61.0,,
2025-02-06,,,,,,,,,,,,,,,,6.05,6.89,,,,,,,
2025-02-13,,,,,,,,,,,,,,,,6.09,6.87,,,,,,,
2025-02-20,,,,,,,,,,,,,,,,6.04,6.85,,,,,,,
2025-02-27,,,,,,,,,,,,,,,,5.94,6.76,,,,,,,
2025-03-01,1566.0,431.798,,,80.7,9.2,16.7,5.2,11.7,112.9,46.9,60.0,19.4,24.6,,,,9.2,114.0,104.0,391.0,65.0,,
2025-03-06,,,,,,,,,,,,,,,,5.79,6.63,,,,,,,
2025-03-13,,,,,,,,,,,,,,,,5.8,6.65,,,,,,,
2025-03-20,,,,,,,,,,,,,,,,5.83,6.67,,,,,,,
2025-03-27,,,,,,,,,,,,,,,,5.89,6.65,,,,,,,
2025-04-01,1475.0,432.956,1.79,,87.3,15.0,21.4,6.8,16.5,127.6,48.4,67.1,17.2,22.6,5.825999,,,8.5,115.0,107.0,411.0,72.0,74.61,701.82
2025-04-03,,,,,,,,,,,,,,,,5.82,6.64,,,,,,,
2025-04-10,,,,,,,,,,,,,,,,5.82,6.62,,,,,,,
2025-04-17,,,,,,,,,,,,,,,,6.03,6.83,,,,,,,
2025-04-24,,,,,,,,,,,,,,,,5.94,6.81,,,,,,,
2025-05-01,1542.0,433.698,,97.5,87.7,15.0,19.1,6.0,9.3,117.8,47.0,62.0,19.7,27.4,,5.92,6.76,9.6,119.0,104.0,376.0,65.0,,
2025-05-08,,,,,,,,,,,,,,,,5.89,6.76,,,,,,,
2025-05-15,,,,,,,,,,,,,,,,5.92,6.81,,,,,,,
2025-05-22,,,,,,,,,,,,,,,,6.01,6.86,,,,,,,
2025-05-29,,,,,,,,,,,,,,,,6.03,6.89,,,,,,,
2025-06-01,1385.0,434.594,,95.5,88.9,16.1,19.5,5.8,15.6,129.1,48.3,65.4,18.7,28.6,,,,9.1,118.0,102.0,375.0,76.0,,
2025-06-05,,,,,,,,,,,,,,,,5.99,6.85,,,,,,,
2025-06-12,,,,,,,,,,,,,,,,5.97,6.84,,,,,,,
2025-06-18,,,,,,,,,,,,,,,,5.96,6.81,,,,,,,
2025-06-26,,,,,,,,,,,,,,,,5.89,6.77,,,,,,,
2025-07-01,1455.0,435.489,1.78,98.3,87.3,12.0,22.6,5.1,9.4,129.4,52.6,74.9,17.6,22.5,5.888672,,,9.3,119.0,97.0,376.0,54.0,70.94,705.32
2025-07-03,,,,,,,,,,,,,,,,5.8,6.67,,,,,,,
2025-07-10,,,,,,,,,,,,,,,,5.86,6.72,,,,,,,
2025-07-17,,,,,,,,,,,,,,,,5.92,6.75,,,,,,,
2025-07-24,,,,,,,,,,,,,,,,5.87,6.74,,,,,,,
2025-07-31,,,,,,,,,,,,,,,,5.85,6.72,,,,,,,
2025-08-01,1556.0,436.981,,101.0,76.6,12.0,19.7,5.8,8.6,112.2,42.5,57.2,16.2,26.7,,,,8.4,122.0,96.0,427.0,62.0,,
2025-08-07,,,,,,,,,,,,,,,,5.75,6.63,,,,,,,
2025-08-14,,,,,,,,,,,,,,,,5.71,6.58,,,,,,,
2025-08-21,,,,,,,,,,,,,,,,5.69,6.58,,,,,,,
2025-08-28,,,,,,,,,,,,,,,,5.69,6.56,,,,,,,
2025-09-01,1372.0,438.212,,106.5,71.4,11.0,18.0,4.7,14.6,114.1,38.7,54.5,17.0,27.0,,,,8.1,121.0,104.0,429.0,73.0,,
2025-09-04,,,,,,,,,,,,,,,,5.6,6.5,,,,,,,
2025-09-11,,,,,,,,,,,,,,,,5.5,6.35,,,,,,,
2025-09-18,,,,,,,,,,,,,,,,5.41,6.26,,,,,,,
2025-09-25,,,,,,,,,,,,,,,,5.49,6.3,,,,,,,
2025-10-01,1430.0,,1.78,107.1,74.6,14.7,20.1,6.1,12.7,107.5,40.2,53.6,13.7,21.2,5.92285,,,9.0,125.0,105.0,391.0,62.0,84.34,709.05
2025-10-02,,,,,,,,,,,,,,,,5.55,6.34,,,,,,,
2025-10-09,,,,,,,,,,,,,,,,5.53,6.3,,,,,,,
2025-10-16,,,,,,,,,,,,,,,,5.52,6.27,,,,,,,
2025-10-23,,,,,,,,,,,,,,,,5.44,6.19,,,,,,,
2025-10-30,,,,,,,,,,,,,,,,5.41,6.17,,,,,,,
2025-11-01,1463.0,439.275,,108.8,70.0,9.4,12.6,5.6,12.4,100.9,42.7,57.0,12.4,18.9,,,,7.8,124.0,104.0,466.0,54.0,,
2025-11-06,,,,,,,,,,,,,,,,5.5,6.22,,,,,,,
2025-11-13,,,,,,,,,,,,,,,,5.49,6.24,,,,,,,
2025-11-20,,,,,,,,,,,,,,,,5.54,6.26,,,,,,,
2025-11-26,,,,,,,,,,,,,,,,5.51,6.23,,,,,,,
2025-12-01,1457.0,440.667,,111.6,67.1,7.5,12.4,4.8,10.2,99.4,41.5,54.1,13.3,22.8,,,,7.8,127.0,101.0,408.0,86.0,,
2025-12-04,,,,,,,,,,,,,,,,5.44,6.19,,,,,,,
2025-12-11,,,,,,,,,,,,,,,,5.54,6.22,,,,,,,
2025-12-18,,,,,,,,,,,,,,,,5.47,6.21,,,,,,,
2025-12-24,,,,,,,,,,,,,,,,5.5,6.18,,,,,,,
2025-12-31,,,,,,,,,,,,,,,,5.44,6.15,,,,,,,
2026-01-01,1455.0,441.718,,117.1,60.4,5.9,8.1,2.8,12.7,97.6,37.3,55.8,14.4,21.0,,,,9.8,127.0,100.0,343.0,64.0,,
2026-01-08,,,,,,,,,,,,,,,,5.46,6.16,,,,,,,
2026-01-15,,,,,,,,,,,,,,,,5.38,6.06,,,,,,,
2026-01-22,,,,,,,,,,,,,,,,5.44,6.09,,,,,,,
2026-01-29,,,,,,,,,,,,,,,,5.49,6.1,,,,,,,
2026-02-01,1364.0,442.157,,117.5,66.9,7.2,10.8,3.6,9.5,98.5,40.6,56.6,15.5,21.6,,,,9.1,124.0,109.0,396.0,53.0,,
2026-02-05,,,,,,,,,,,,,,,,5.5,6.11,,,,,,,
2026-02-12,,,,,,,,,,,,,,,,5.44,6.09,,,,,,,
2026-02-19,,,,,,,,,,,,,,,,5.35,6.01,,,,,,,
2026-02-26,,,,,,,,,,,,,,,,5.44,5.98,,,,,,,
2026-03-01,1366.0,442.864,,113.5,88.9,11.3,16.8,5.8,14.2,126.3,50.0,68.4,21.8,26.8,,,,8.5,121.0,111.0,383.0,54.0,,
2026-03-05,,,,,,,,,,,,,,,,5.43,6.0,,,,,,,
2026-03-12,,,,,,,,,,,,,,,,5.5,6.11,,,,,,,
2026-03-19,,,,,,,,,,,,,,,,5.54,6.22,,,,,,,
2026-03-26,,,,,,,,,,,,,,,,5.75,6.38,,,,,,,
2026-04-01,,445.029,,110.6,,,,,,,,,,,,,,,,,,,,
2026-04-02,,,,,,,,,,,,,,,,5.77,6.46,,,,,,,
2026-04-09,,,,,,,,,,,,,,,,5.74,6.37,,,,,,,
2026-04-16,,,,,,,,,,,,,,,,5.65,6.3,,,,,,,
2026-04-23,,,,,,,,,,,,,,,,5.58,6.23,,,,,,,
2026-04-30,,,,,,,,,,,,,,,,5.64,6.3,,,,,,,
2026-05-07,,,,,,,,,,,,,,,,5.72,6.37,,,,,,,
2026-05-14,,,,,,,,,,,,,,,,5.71,6.36,,,,,,,
